Elo Rank	Player	Age	Elo	    	hElo Rank	hElo	cElo Rank	cElo	gElo Rank	gElo	    	Peak Elo	Peak Month	    	ATP Rank	Log diff
1	Jannik Sinner	23.7	2220.4		1	2183.6	2	2090.4	3	1971.9		2329.6	2025-01		1	0
2	Carlos Alcaraz	22.0	2204.2		3	2107.8	1	2165.1	1	2094.2		2243.6	2023-08		2	0
3	Novak Djokovic	37.9	2156.5		2	2112.2	3	2075.4	2	2034.8		2463.2	2016-05		6	-0.69
4	Jack Draper	23.3	2085.2		4	2028.5	8	1957.0	7	1892.4		2103.8	2025-04		5	-0.22
5	Alexander Zverev	28.0	2057.2		5	2019.5	5	1997.3	8	1877.2		2176.5	2022-01		3	0.51
6	Lorenzo Musetti	23.1	2026.3		20	1881.3	4	1997.7	4	1904.4		2033.1	2025-05		7	-0.15
7	Tommy Paul	27.9	2008.7		9	1934.7	12	1920.8	6	1892.5		2013.3	2025-05		12	-0.54
8	Daniil Medvedev	29.2	2001.7		6	1960.4	11	1927.5	5	1896.8		2201.2	2022-01		11	-0.32
9	Casper Ruud	26.3	2001.7		13	1903.0	6	1992.4	29	1724.1		2071.9	2022-05		8	0.12
10	Taylor Fritz	27.5	1995.6		7	1956.7	17	1893.4	10	1865.1		2054.0	2025-01		4	0.92
11	Alex De Minaur	26.2	1993.8		10	1932.4	16	1897.0	12	1831.9		2053.1	2024-06		9	0.20
12	Grigor Dimitrov	33.9	1975.4		8	1935.7	18	1887.6	14	1808.6		2111.5	2014-08		17	-0.35
13	Arthur Fils	20.8	1970.7		17	1896.0	10	1932.3	13	1821.4		1985.4	2025-04		14	-0.07
14	Matteo Berrettini	29.0	1954.1		23	1873.9	9	1934.1	9	1873.1		2065.7	2022-07		30	-0.76
15	Holger Rune	22.0	1953.9		12	1907.6	13	1906.7	15	1806.9		2082.0	2023-05		10	0.41
16	Stefanos Tsitsipas	26.7	1952.5		19	1889.7	7	1957.8	18	1780.2		2145.1	2021-05		20	-0.22
17	Hubert Hurkacz	28.2	1951.6		21	1880.8	15	1897.7	11	1843.5		2022.5	2024-06		28	-0.50
18	Jakub Mensik	19.6	1948.6		11	1915.8	21	1831.3	50	1676.2		1968.7	2025-04		19	-0.05
19	Francisco Cerundolo	26.7	1945.8		22	1874.8	14	1902.1	27	1731.5		1961.6	2025-04		18	0.05
20	Gael Monfils	38.7	1922.5		18	1889.9	41	1745.8	32	1720.0		2087.1	2016-10		42	-0.74
21	Tomas Machac	24.5	1922.2		14	1901.8	30	1783.2	28	1725.7		1972.7	2025-04		22	-0.05
22	Ben Shelton	22.5	1903.5		24	1863.5	28	1798.4	31	1722.3		1975.5	2024-10		13	0.53
23	Joao Fonseca	18.7	1900.7		15	1897.1	31	1776.5	70	1630.9		1992.5	2025-03		65	-1.04
24	Tallon Griekspoor	28.8	1899.8		25	1860.4	27	1802.4	17	1780.7		1936.3	2025-03		35	-0.38
25	Ugo Humbert	26.8	1896.7		16	1896.5	42	1745.0	21	1758.3		2017.7	2024-03		21	0.17
26	Andrey Rublev	27.5	1892.1		26	1858.9	19	1856.1	16	1784.8		2122.1	2021-04		15	0.55
27	Alejandro Davidovich Fokina	25.9	1890.9		31	1834.7	22	1820.1	57	1657.8		1931.2	2021-05		29	-0.07
28	Karen Khachanov	28.9	1890.5		29	1840.9	20	1839.6	40	1708.3		2029.5	2018-10		24	0.15
29	Jiri Lehecka	23.5	1882.8		28	1847.2	35	1765.0	44	1691.4		1966.5	2025-02		34	-0.16
30	Jordan Thompson	31.0	1873.9		33	1832.6	97	1660.1	19	1775.8		1891.2	2024-12		40	-0.29
31	Thanasi Kokkinakis	28.7	1872.6		34	1822.4	33	1771.4	65	1643.4		1890.3	2015-06		111	-1.28
32	Sebastian Korda	24.8	1871.8		30	1836.7	48	1739.7	20	1768.1		2020.7	2023-01		23	0.33
33	Denis Shapovalov	26.0	1867.0		27	1848.0	40	1747.2	34	1717.9		1983.2	2020-01		31	0.06
34	Felix Auger Aliassime	24.7	1864.4		32	1833.5	23	1811.8	35	1715.7		2062.7	2022-10		27	0.23
35	Matteo Arnaldi	24.2	1859.4		35	1805.0	24	1807.1	53	1671.4		1902.9	2024-06		36	-0.03
36	Flavio Cobolli	23.0	1839.0		54	1744.4	26	1802.9	73	1625.8		1889.7	2024-12		26	0.33
37	Marcos Giron	31.8	1838.0		36	1799.7	78	1697.1	22	1757.9		1874.1	2025-03		43	-0.15
38	Frances Tiafoe	27.3	1834.6		37	1797.0	38	1753.4	26	1738.6		1974.0	2023-06		16	0.86
39	Alexei Popyrin	25.7	1833.8		40	1776.5	32	1774.3	46	1686.8		1902.2	2024-10		25	0.44
40	Jacob Fearnley	23.8	1830.1		41	1775.8	51	1733.1	39	1710.1		1910.0	2024-10		55	-0.32
41	Alex Michelsen	20.7	1828.2		38	1794.2	88	1674.3	42	1703.8		1904.8	2025-01		33	0.22
42	Colton Smith	22.0	1817.5		48	1757.4	118	1621.0	85	1608.7		1835.1	2025-03		162	-1.35
43	Fabian Marozsan	25.6	1817.2		53	1745.5	43	1743.2	86	1608.2		1867.2	2024-04		56	-0.26
44	Alexander Bublik	27.9	1815.4		56	1742.6	36	1762.7	23	1754.0		1904.1	2024-02		62	-0.34
45	Laslo Djere	29.9	1813.5		71	1706.2	25	1805.7	78	1617.3		1854.6	2023-09		59	-0.27
46	Brandon Nakashima	23.7	1810.3		39	1784.2	56	1727.8	38	1711.3		1909.5	2024-09		32	0.36
47	Cameron Norrie	29.7	1809.7		49	1750.3	29	1790.1	41	1707.9		2028.6	2022-08		81	-0.54
48	Giovanni Mpetshi Perricard	21.8	1807.2		45	1761.6	68	1709.0	37	1714.2		1862.8	2024-12		37	0.26
49	Jenson Brooksby	24.5	1806.4		43	1768.4	49	1734.2	52	1672.6		2005.3	2022-03		161	-1.19
50	Borna Coric	28.4	1805.8		50	1749.7	34	1769.8	55	1666.0		2011.6	2019-01		85	-0.53
51	Nuno Borges	28.2	1802.6		44	1764.4	39	1749.1	106	1585.3		1843.6	2025-03		41	0.22
52	Zizou Bergs	25.9	1799.0		42	1772.0	74	1700.1	48	1681.2		1859.2	2025-03		50	0.04
53	Alexandre Muller	28.2	1792.6		74	1703.8	37	1759.4	92	1602.5		1801.7	2025-05		39	0.31
54	Gabriel Diallo	23.6	1790.7		61	1736.0	66	1710.9	109	1578.1		1812.3	2025-04		54	0
55	Yoshihito Nishioka	29.6	1790.3		47	1758.3	86	1674.7	67	1636.8		1884.7	2023-01		77	-0.34
56	Roberto Bautista Agut	37.0	1789.8		67	1722.2	44	1742.9	25	1740.9		2033.8	2016-02		49	0.13
57	Hamad Medjedovic	21.7	1788.7		46	1761.3	61	1719.4	66	1642.3		1844.3	2025-04		74	-0.26
58	Marin Cilic	36.5	1786.5		57	1740.4	54	1731.3	24	1742.7		2100.4	2010-02		104	-0.58
59	David Goffin	34.3	1782.6		58	1740.2	58	1725.9	30	1723.4		2048.7	2017-04		47	0.23
60	Kei Nishikori	35.3	1782.1		51	1746.5	102	1655.0	75	1625.2		2194.2	2016-08		58	0.03
61	Juncheng Shang	19.9	1781.5		63	1733.3	100	1658.1	54	1668.6		1895.7	2024-09		71	-0.15
62	Roman Safiullin	27.7	1780.4		52	1746.0	72	1703.2	43	1692.9		1911.3	2024-01		72	-0.15
63	Miomir Kecmanovic	25.7	1778.9		60	1737.2	67	1709.5	58	1654.5		1900.6	2022-04		46	0.31
64	Marton Fucsovics	33.2	1776.0		64	1727.7	57	1727.5	33	1718.7		1924.2	2021-03		124	-0.66
65	Kamil Majchrzak	29.3	1769.3		70	1710.5	45	1742.7	49	1677.5		1810.1	2025-04		96	-0.39
66	Reilly Opelka	27.7	1767.1		55	1744.0	79	1695.3	74	1625.4		1927.5	2022-04		93	-0.34
67	Corentin Moutet	26.0	1766.2		72	1704.4	69	1708.5	68	1636.6		1830.6	2022-09		73	-0.09
68	Tomas Martin Etcheverry	25.8	1765.8		79	1694.1	47	1741.8	136	1545.5		1871.7	2023-05		53	0.25
69	Sebastian Ofner	29.0	1760.8		88	1677.7	50	1733.7	61	1645.8		1812.7	2024-01		108	-0.45
70	Lucas Pouille	30.9	1758.9		69	1711.4	85	1680.8	47	1683.7		1987.7	2017-06		135	-0.66
71	Camilo Ugo Carabelli	25.9	1756.9		111	1630.6	53	1732.2	166	1516.7		1771.9	2025-05		51	0.33
72	Luciano Darderi	23.2	1756.6		189	1524.9	46	1742.5	121	1564.6		1857.0	2024-06		45	0.47
73	Lorenzo Sonego	29.9	1756.2		65	1726.6	83	1685.9	59	1649.1		1895.3	2021-05		44	0.51
74	Jason Kubler	31.9	1755.8		75	1702.8	98	1659.7	36	1715.0		1790.0	2022-07		209	-1.04
75	Vit Kopriva	27.8	1753.1		95	1651.0	63	1713.4	69	1635.6		1756.3	2025-05		86	-0.14
76	Jaume Munar	28.0	1751.1		86	1682.1	70	1706.2	132	1546.6		1819.0	2021-04		57	0.29
77	Alejandro Tabilo	27.8	1750.5		82	1689.6	62	1714.5	51	1673.7		1895.7	2024-07		61	0.23
78	Learner Tien	19.4	1749.1		59	1739.7	186	1527.9	110	1574.5		1888.2	2025-02		67	0.15
79	Christopher Oconnell	30.9	1748.0		66	1726.2	101	1657.4	63	1644.4		1814.1	2025-03		82	-0.04
80	Quentin Halys	28.5	1746.7		68	1713.4	95	1663.9	45	1688.3		1811.4	2023-04		52	0.43
81	Pablo Carreno Busta	33.8	1744.5		62	1735.7	60	1721.4	114	1570.0		2005.1	2021-08		99	-0.20
82	Mariano Navone	24.1	1740.4		156	1571.6	59	1725.8	179	1506.5		1875.9	2024-04		97	-0.17
83	Ethan Quinn	21.1	1738.4		81	1690.7	143	1585.5	97	1597.2		1802.5	2025-04		106	-0.24
84	Benjamin Bonzi	28.8	1732.7		76	1697.4	123	1613.9	64	1644.4		1835.8	2022-06		60	0.34
85	Roberto Carballes Baena	32.1	1730.2		91	1667.9	71	1704.0	124	1561.2		1788.1	2024-07		63	0.30
86	Bu Yunchaokete	23.3	1729.8		83	1688.0	107	1644.2	135	1545.6		1834.9	2024-09		70	0.21
87	Borna Gojo	27.2	1728.9		85	1686.7	90	1673.4	170	1512.1		1800.2	2023-10		224	-0.95
88	Cristian Garin	28.9	1727.9		100	1649.3	65	1711.4	56	1663.0		1889.6	2019-04		123	-0.33
89	Stan Wawrinka	40.1	1727.5		84	1687.9	84	1685.1	81	1614.6		2145.5	2016-01		138	-0.44
90	Zhizhen Zhang	28.3	1727.2		96	1650.9	55	1728.4	82	1614.6		1830.9	2024-09		79	0.13
91	Nicolas Jarry	29.6	1725.4		87	1681.3	76	1699.0	72	1628.6		1903.0	2023-10		149	-0.49
92	Daniel Altmaier	26.6	1724.5		98	1650.4	81	1691.1	130	1550.5		1789.1	2021-08		66	0.33
93	Jan Lennard Struff	35.0	1724.1		94	1651.6	73	1702.8	71	1629.6		1935.1	2024-07		87	0.07
94	Sebastian Baez	24.3	1724.1		141	1589.6	52	1732.4	149	1532.6		1941.4	2022-07		38	0.91
95	Francisco Comesana	24.6	1720.1		130	1605.3	75	1699.2	84	1609.0		1741.0	2025-05		64	0.39
96	Dominik Koepfer	30.7	1719.9		90	1669.9	64	1712.3	83	1613.0		1822.7	2024-03		298	-1.13
97	Botic Van De Zandschulp	29.5	1719.7		78	1695.2	103	1650.9	95	1599.0		1938.0	2022-09		89	0.09
98	Raphael Collignon	23.3	1718.8		89	1676.6	93	1667.0	122	1563.9		1777.6	2025-04		84	0.15
99	Yibing Wu	25.5	1714.6		77	1696.3	127	1611.1	139	1543.9		1882.9	2023-03		401	-1.40
100	Francesco Passaro	24.3	1709.3		137	1598.6	82	1686.7	164	1520.0		1779.0	2022-08		139	-0.33
101	Elmer Moller	21.7	1708.4		176	1539.7	80	1693.1	89	1604.2		1741.1	2025-04		112	-0.10
102	Dusan Lajovic	34.8	1705.7		132	1605.1	77	1697.4	178	1508.3		1854.6	2018-10		125	-0.20
103	Mackenzie Mcdonald	30.0	1705.2		80	1692.9	169	1549.5	80	1616.6		1847.6	2023-03		98	0.05
104	Max Purcell	26.3	1702.6		104	1638.9	176	1539.3	62	1645.3		1789.1	2023-08		154	-0.39
105	Jesper De Jong	24.9	1696.9		123	1614.9	91	1672.8	140	1542.9		1721.9	2024-10		88	0.18
106	Vilius Gaubas	20.3	1695.2		196	1519.1	89	1673.4	96	1597.6		1699.4	2025-05		136	-0.25
107	Terence Atmane	23.3	1692.1		99	1649.9	121	1618.9	144	1539.0		1707.1	2023-10		121	-0.12
108	Valentin Vacherot	26.4	1689.1		129	1606.5	92	1667.2	160	1523.8		1740.8	2024-03		237	-0.79
109	Pedro Martinez	28.0	1686.4		126	1611.3	87	1674.6	215	1479.1		1844.3	2022-04		48	0.82
110	Arthur Cazaux	22.7	1685.3		97	1650.8	181	1534.7	113	1571.1		1806.5	2024-02		113	-0.03
111	Damir Dzumhur	32.9	1685.2		113	1626.5	96	1661.6	100	1590.9		1895.8	2017-09		69	0.48
112	Zsombor Piros	25.5	1683.8		145	1585.1	94	1664.9	101	1590.8		1731.0	2023-04		160	-0.36
113	Soon Woo Kwon	27.3	1683.5		101	1646.6	134	1594.9	119	1565.8		1830.7	2023-01		501	-1.49
114	Nishesh Basavareddy	20.0	1682.8		73	1704.0	220	1485.3	142	1541.4		1856.6	2025-01		100	0.13
115	Rinky Hijikata	24.1	1681.3		93	1653.3	209	1503.2	103	1586.6		1744.9	2025-01		78	0.39
116	Arthur Rinderknech	29.8	1679.7		107	1636.4	106	1644.7	134	1546.0		1869.2	2022-10		75	0.44
117	Adam Walton	26.0	1675.5		108	1633.8	258	1449.2	133	1546.4		1747.1	2025-04		91	0.25
118	Filip Misolic	23.7	1675.5		144	1588.5	105	1645.0	189	1498.3		1720.3	2023-11		153	-0.26
119	Aleksandar Kovacevic	26.7	1673.8		92	1663.3	184	1529.1	161	1523.5		1758.8	2024-04		76	0.45
120	Luca Nardi	21.7	1673.3		115	1625.7	122	1617.8	203	1486.5		1724.6	2024-04		95	0.23
121	Yosuke Watanuki	27.0	1672.7		110	1631.7	124	1613.2	91	1603.0		1798.2	2023-05		183	-0.41
122	Andrea Vavassori	29.9	1669.5		105	1637.7	114	1631.5	153	1528.8		1734.8	2023-04		313	-0.94
123	Diego Schwartzman	32.4	1668.6		102	1643.9	99	1659.4	123	1561.5		1979.6	2020-11		516	-1.43
124	Brandon Holt	27.0	1668.6		106	1637.2	265	1445.5	154	1528.8		1725.5	2025-02		101	0.21
125	Emil Ruusuvuori	26.0	1667.3		103	1641.8	132	1604.4	87	1607.1		1893.2	2023-06		279	-0.80
126	Dino Prizmic	19.7	1665.2		135	1602.2	113	1634.5	156	1528.7		1719.0	2023-09		248	-0.68
127	Alexander Blockx	20.0	1662.8		117	1622.1	135	1593.8	150	1531.4		1743.2	2025-01		143	-0.12
128	Aleksandar Vukic	29.1	1659.5		114	1626.1	161	1560.8	77	1617.9		1773.3	2025-01		80	0.47
129	Nikoloz Basilashvili	33.1	1659.3		121	1617.9	125	1612.1	90	1603.9		1889.8	2019-01		133	-0.03
130	Juan Manuel Cerundolo	23.4	1658.0		201	1516.2	112	1634.6	224	1472.0		1774.8	2021-10		109	0.18
131	Aslan Karatsev	31.6	1657.3		119	1618.5	108	1643.8	174	1509.4		1964.6	2021-05		211	-0.48
132	Valentin Royer	23.9	1655.7		165	1556.4	110	1636.2	173	1509.5		1715.0	2025-04		120	0.10
133	Hugo Gaston	24.6	1655.4		120	1618.0	115	1628.3	112	1571.2		1795.1	2021-11		83	0.47
134	Roman Andres Burruchaga	23.2	1654.1		200	1516.5	116	1627.8	126	1560.2		1669.3	2024-05		118	0.13
135	Richard Gasquet	38.8	1651.6		124	1613.6	130	1609.4	98	1596.7		2059.5	2016-05		166	-0.21
136	Fabio Fognini	37.9	1651.3		147	1582.9	109	1640.4	76	1624.7		2003.8	2014-04		107	0.24
137	Marc Andrea Huesler	28.8	1649.7		112	1630.5	149	1579.3	118	1566.8		1817.0	2023-02		158	-0.14
138	Dalibor Svrcina	22.5	1649.3		109	1633.1	144	1585.5	199	1489.0		1712.9	2025-04		127	0.08
139	Lloyd Harris	28.1	1649.3		122	1617.2	198	1516.7	60	1647.0		1896.0	2021-10		227	-0.49
140	Facundo Bagnis	35.1	1641.9		186	1529.3	111	1634.8	347	1396.5		1737.0	2021-07		717	-1.63
141	Nicolas Moreno De Alboran	27.8	1640.9		118	1621.0	152	1574.7	169	1512.9		1687.7	2024-11		159	-0.12
142	Mattia Bellucci	23.9	1640.5		128	1608.0	180	1535.9	93	1601.5		1814.3	2024-10		68	0.74
143	Tomas Barrios Vera	27.4	1639.1		217	1503.2	117	1622.3	125	1561.0		1710.3	2023-07		110	0.26
144	Hugo Dellien	31.9	1637.5		214	1505.1	126	1611.3	210	1484.0		1779.8	2022-05		90	0.47
145	Leandro Riedi	23.2	1633.7		134	1602.5	177	1539.3	102	1590.7		1823.3	2023-01		370	-0.94
146	Alexander Shevchenko	24.4	1633.0		142	1589.6	142	1588.7	211	1483.5		1792.0	2024-02		103	0.35
147	Facundo Diaz Acosta	24.1	1632.7		181	1533.7	104	1646.1	237	1459.5		1791.9	2024-02		201	-0.31
148	Yannick Hanfmann	33.4	1632.4		146	1583.9	129	1610.7	146	1534.9		1843.4	2023-06		142	0.04
149	Emilio Nava	23.4	1631.5		197	1519.1	120	1619.7	191	1496.7		1713.5	2025-04		137	0.08
150	Carlos Taberner	27.7	1629.9		247	1463.9	128	1610.9	233	1463.6		1725.0	2021-10		129	0.15
151	Matteo Gigante	23.3	1629.7		153	1576.7	148	1580.0	147	1534.9		1644.9	2025-04		167	-0.10
152	Pierre Hugues Herbert	34.1	1629.1		125	1613.3	166	1551.6	120	1565.1		1867.9	2019-06		147	0.03
153	Kyrian Jacquet	23.9	1627.8		116	1622.9	165	1554.5	200	1488.8		1735.1	2025-02		150	0.02
154	Harold Mayot	23.2	1624.1		157	1570.0	145	1582.5	105	1585.9		1701.9	2024-06		151	0.02
155	Michael Mmoh	27.2	1623.7		133	1602.8	208	1505.9	157	1528.7		1762.3	2017-02		343	-0.79
156	Liam Draxl	23.3	1622.9		143	1588.9	164	1556.8	172	1511.5		1653.0	2025-03		146	0.07
157	Felipe Meligeni Alves	27.2	1622.3		222	1494.4	119	1619.9	111	1573.3		1695.3	2023-10		134	0.16
158	Thiago Seyboth Wild	25.1	1622.1		136	1599.3	138	1592.0	143	1540.1		1793.4	2024-05		117	0.30
159	Luca Van Assche	20.9	1620.3		140	1589.9	139	1591.2	162	1523.4		1801.5	2023-04		178	-0.11
160	Jaime Faria	21.7	1619.9		184	1532.8	131	1606.8	218	1476.5		1692.5	2024-05		115	0.33
161	Christopher Eubanks	28.9	1619.7		155	1574.5	229	1475.9	79	1617.3		1864.8	2023-07		105	0.43
162	Tristan Schoolkate	24.2	1619.0		138	1597.6	342	1374.3	158	1526.7		1680.4	2025-04		128	0.24
163	Jerome Kym	22.2	1618.3		160	1564.1	146	1580.7	175	1509.2		1738.0	2024-10		126	0.26
164	James Duckworth	33.3	1618.1		154	1576.7	194	1519.3	99	1594.0		1785.9	2021-11		92	0.58
165	Otto Virtanen	23.8	1617.8		151	1579.8	202	1513.7	117	1567.6		1768.8	2024-03		114	0.37
166	Alibek Kachmazov	22.7	1612.4		148	1582.3	236	1467.0	127	1556.2		1637.6	2025-04		169	-0.02
167	Daniel Elahi Galan	28.8	1609.9		174	1542.4	150	1577.0	115	1570.0		1757.5	2022-09		122	0.31
168	Federico Coria	33.1	1609.0		229	1485.2	136	1593.8	327	1406.2		1754.4	2021-07		141	0.18
169	Arthur Bouquier	24.3	1608.6		127	1609.3	324	1389.2	183	1504.3		1732.0	2025-03		208	-0.21
170	Thiago Monteiro	30.9	1605.8		162	1560.9	137	1593.1	184	1502.7		1748.2	2024-05		131	0.26
171	Hady Habib	26.7	1601.9		170	1550.0	175	1540.7	129	1550.9		1625.0	2025-05		165	0.04
172	Daniel Evans	34.9	1601.2		139	1596.2	185	1528.5	107	1583.0		1902.5	2021-04		213	-0.21
173	Giulio Zeppieri	23.4	1599.8		150	1579.8	170	1549.2	188	1498.4		1691.2	2022-07		310	-0.58
174	Titouan Droguet	23.8	1599.8		185	1530.1	140	1589.8	145	1538.8		1666.7	2024-09		234	-0.30
175	Chris Rodesch	23.7	1598.4		218	1502.7	153	1574.3	186	1499.2		1626.4	2025-05		172	0.02
176	Eliot Spizzirri	23.3	1596.9		131	1605.3	219	1486.3	181	1506.4		1714.6	2025-04		116	0.42
177	Pavel Kotov	26.4	1596.8		163	1559.0	158	1566.6	167	1516.0		1797.1	2024-05		157	0.12
178	Lukas Klein	27.1	1594.9		152	1578.0	172	1543.5	137	1545.2		1777.5	2024-03		190	-0.07
179	Mikhail Kukushkin	37.3	1593.6		172	1544.7	163	1557.9	116	1567.9		1864.2	2010-10		163	0.09
180	Maximilian Marterer	29.6	1590.7		182	1533.7	147	1580.4	128	1551.5		1815.1	2018-06		239	-0.28
181	Andrea Pellegrino	28.1	1590.7		305	1403.1	159	1564.8	293	1428.1		1637.7	2023-10		173	0.05
182	Adrian Mannarino	36.8	1590.3		149	1581.4	233	1468.9	94	1600.2		1896.3	2018-01		130	0.34
183	Mark Lajal	21.9	1589.7		166	1556.3	205	1509.6	88	1605.6		1668.0	2023-06		199	-0.08
184	Chun Hsin Tseng	23.7	1589.6		204	1510.4	151	1576.8	276	1435.9		1715.6	2022-04		94	0.67
185	J J Wolf	26.1	1586.4		169	1551.2	171	1546.3	155	1528.8		1847.7	2023-02		355	-0.65
186	Tristan Boyer	24.0	1583.7		158	1569.4	174	1540.9	225	1471.9		1753.1	2025-01		119	0.45
187	Constant Lestienne	32.9	1583.7		171	1544.8	261	1446.3	213	1480.8		1781.3	2023-01		184	0.02
188	Thiago Agustin Tirante	24.0	1583.3		168	1554.7	173	1543.5	187	1498.5		1672.2	2021-09		132	0.35
189	Guy Den Ouden	23.0	1582.9		385	1334.9	141	1588.9	194	1491.4		1605.9	2025-05		187	0.01
190	Kyle Edmund	29.8	1582.6		161	1563.7	155	1572.0	177	1508.4		1952.7	2019-03		466	-0.90
191	Elias Ymer	29.1	1582.4		193	1521.0	160	1561.9	148	1534.1		1751.8	2015-06		260	-0.31
192	Gustavo Heide	22.9	1581.7		263	1454.0	156	1571.6	235	1460.3		1661.1	2024-07		194	-0.01
193	Luka Pavlovic	25.0	1581.4		358	1360.0	157	1568.8	196	1490.7		1621.4	2025-04		216	-0.11
194	Martin Landaluce	19.3	1578.5		159	1566.4	197	1517.0	198	1489.2		1741.8	2024-10		145	0.29
195	Alex Bolt	32.3	1577.4		187	1528.5	361	1355.8	108	1580.2		1688.9	2019-03		197	-0.01
196	Billy Harris	30.2	1573.5		164	1557.0	268	1443.9	104	1586.6		1711.4	2024-06		102	0.65
197	Ignacio Buse	21.1	1573.3		340	1375.6	154	1574.2	202	1486.7		1632.4	2024-09		192	0.03
198	Seong Chan Hong	27.2	1573.0		173	1543.3	266	1444.7	344	1397.6		1613.7	2024-04		346	-0.56
199	Gregoire Barrere	31.2	1571.5		175	1541.5	179	1536.8	138	1545.1		1804.5	2020-02		296	-0.40
200	Taro Daniel	32.2	1568.3		167	1555.3	200	1515.9	219	1475.5		1766.8	2023-04		148	0.30
201	Benjamin Hassan	30.2	1567.1		199	1517.8	178	1537.9	220	1475.4		1680.2	2023-10		220	-0.09
202	Liam Broady	30.6	1566.1		179	1535.1	245	1458.7	192	1496.4		1757.4	2022-03		601	-1.09
203	Albert Ramos	37.2	1566.1		183	1533.4	190	1526.0	291	1428.3		1889.0	2017-04		251	-0.21
204	Marco Trungelliti	35.2	1564.7		223	1491.4	162	1558.1	254	1446.4		1693.1	2018-07		177	0.14
205	Mitchell Krueger	31.3	1564.0		213	1505.3	196	1517.3	182	1505.7		1653.6	2022-04		140	0.38
206	Alexis Galarneau	26.1	1562.5		177	1538.9	253	1451.6	204	1485.9		1631.5	2024-04		202	0.02
207	Dominic Stricker	22.7	1558.4		191	1522.5	189	1526.2	152	1529.6		1798.6	2021-06		235	-0.13
208	Alexander Ritschard	31.0	1556.4		243	1467.8	133	1601.1	212	1483.5		1695.9	2024-07		156	0.29
209	Norbert Gombos	34.7	1553.5		195	1520.1	182	1532.5	241	1458.2		1753.2	2020-11		332	-0.46
210	Calvin Hemery	30.2	1552.8		219	1498.2	191	1524.4	244	1453.2		1651.1	2015-06		171	0.21
211	Ricardas Berankis	34.9	1549.9		215	1503.9	167	1551.2	163	1520.8		1842.4	2011-02		321	-0.42
212	Joris De Loore	31.3	1549.5		178	1538.2	224	1481.7	226	1470.6		1665.1	2016-10		424	-0.69
213	Radu Albot	35.5	1547.9		198	1519.1	201	1514.7	141	1542.9		1823.4	2019-05		283	-0.28
214	Francesco Maestrelli	22.3	1547.3		251	1462.0	193	1522.7	289	1428.9		1711.4	2022-07		229	-0.07
215	Kimmer Coppejans	31.2	1546.4		255	1460.0	192	1524.2	242	1456.7		1697.0	2015-04		265	-0.21
216	Yasutaka Uchiyama	32.7	1546.0		208	1508.0	319	1393.5	221	1475.2		1727.5	2019-10		204	0.06
217	Jozef Kovalik	32.4	1545.7		260	1457.6	168	1549.8	358	1392.2		1721.8	2018-07		210	0.03
218	Coleman Wong	20.9	1545.4		180	1534.8	275	1435.4	263	1441.4		1666.1	2024-09		175	0.22
219	Gijs Brouwer	28.8	1545.4		231	1483.1	215	1490.4	168	1515.2		1656.6	2023-04		231	-0.05
220	Hugo Grenier	29.1	1542.0		207	1509.1	281	1431.5	180	1506.5		1734.0	2022-09		176	0.22
221	Daniel Rincon	22.3	1541.0		209	1507.7	211	1501.5	341	1399.7		1613.8	2023-09		212	0.04
222	Lukas Neumayer	22.6	1539.6		348	1370.2	188	1527.0	272	1436.8		1594.5	2024-12		182	0.20
223	James Trotter	25.7	1538.6		190	1523.6	356	1359.2	261	1442.1		1658.1	2025-01		174	0.25
224	Timofey Skatov	24.2	1537.5		225	1490.5	187	1527.8	223	1474.7		1672.0	2024-07		233	-0.04
225	Sumit Nagal	27.7	1537.4		216	1503.9	183	1531.5	302	1423.6		1745.2	2019-09		170	0.28
226	Federico Arnaboldi	24.8	1535.6		324	1390.8	204	1511.3	228	1467.8		1623.0	2024-08		185	0.20
227	Jurij Rodionov	25.9	1533.1		192	1521.2	249	1455.6	197	1489.8		1702.1	2023-06		226	0
228	Murphy Cassone	22.6	1531.3		188	1526.1	327	1388.3	229	1465.7		1684.9	2025-02		207	0.10
229	Ilia Simakin	21.5	1529.7		220	1498.0	340	1374.8	231	1464.8		1616.5	2025-05		249	-0.08
230	Shintaro Mochizuki	21.9	1529.5		210	1506.9	210	1501.7	236	1460.0		1625.3	2024-06		155	0.39
231	Jan Choinski	28.9	1529.4		253	1461.2	195	1518.2	403	1369.5		1632.0	2023-08		196	0.16
232	Alejandro Moro Canas	24.4	1528.8		212	1505.5	228	1478.5	159	1526.0		1673.5	2024-07		198	0.16
233	Ugo Blanchet	26.3	1528.0		203	1512.8	212	1498.6	245	1452.7		1659.4	2023-10		193	0.19
234	Federico Cina	18.1	1527.9		194	1520.7	358	1357.8	232	1464.0		1569.5	2025-05		294	-0.23
235	Li Tu	28.9	1525.1		227	1487.0	243	1459.7	151	1530.4		1633.5	2022-10		168	0.34
236	Denis Kudla	32.2	1523.8		211	1506.0	234	1468.3	165	1518.8		1784.4	2015-07		593	-0.92
237	Vitaliy Sachko	27.8	1519.1		277	1439.6	218	1486.5	304	1423.1		1643.5	2023-07		225	0.05
238	Juan Pablo Ficovich	28.2	1518.5		276	1440.2	199	1516.2	269	1439.3		1597.4	2020-10		152	0.45
239	Martin Klizan	35.7	1517.5		230	1484.1	203	1513.0	340	1400.2		1897.2	2015-01		417	-0.56
240	Rei Sakamoto	18.8	1517.3		235	1479.5	347	1368.7	239	1458.7		1612.5	2024-12		288	-0.18
241	Stefano Napolitano	30.0	1516.2		242	1469.1	214	1496.9	190	1497.8		1662.1	2024-05		600	-0.91
242	Juan Pablo Varillas	29.5	1515.8		313	1398.0	206	1508.7	375	1386.0		1730.0	2021-10		241	0
243	Patrick Kypson	25.5	1512.8		237	1474.7	217	1486.7	259	1442.5		1709.4	2024-02		344	-0.35
244	Dimitar Kuzmanov	31.8	1512.1		202	1514.0	250	1455.0	249	1450.9		1640.1	2021-05		277	-0.13
245	Ivan Gakhov	28.5	1504.6		362	1353.9	222	1483.6	301	1423.9		1659.6	2023-05		256	-0.04
246	Eliakim Coulibaly	23.0	1504.5		226	1488.0	307	1401.1	247	1452.2		1537.1	2025-05		272	-0.10
247	Dennis Novak	31.5	1503.6		228	1485.6	226	1479.7	131	1548.0		1758.9	2019-11		406	-0.50
248	Arthur Fery	22.6	1502.4		221	1497.2	355	1361.2	384	1381.2		1663.0	2023-10		483	-0.67
249	Marat Sharipov	22.6	1501.6		234	1479.9	330	1383.2	250	1450.8		1613.9	2025-02		243	0.02
250	Javier Barranco Cosano	26.3	1501.1		262	1454.9	248	1456.2	243	1454.5		1581.0	2024-07		307	-0.21
251	Gauthier Onclin	24.1	1500.9		245	1466.5	238	1461.5	234	1462.4		1591.3	2023-07		232	0.08
252	James Mccabe	21.8	1499.0		244	1467.3	395	1324.7	209	1484.2		1584.1	2025-03		180	0.34
253	Philip Sekulic	21.2	1498.8		233	1480.2	393	1328.2	316	1411.2		1533.1	2024-07		480	-0.64
254	Matheus Pucinelli De Almeida	24.0	1496.3		378	1339.8	216	1487.3	252	1449.0		1650.0	2022-03		281	-0.10
255	Pedro Cachin	30.1	1494.6		315	1396.9	213	1497.1	379	1383.9		1767.7	2023-07		363	-0.35
256	Manuel Guinard	29.3	1493.8		241	1469.3	264	1446.2	357	1392.7		1664.3	2022-03		395	-0.43
257	Dmitry Popko	28.5	1492.9		224	1491.3	287	1421.7	362	1391.1		1631.7	2020-01		164	0.45
258	Yuta Shimizu	25.9	1492.6		250	1462.2	383	1339.3	216	1478.7		1590.8	2024-05		191	0.30
259	Sandro Kopp	24.9	1492.6		347	1370.3	232	1469.4	255	1446.3		1492.6	2025-04		381	-0.39
260	Duje Ajdukovic	24.2	1491.7		205	1510.2	247	1458.0	348	1395.9		1687.6	2024-09		181	0.36
261	Pol Martin Tiffon	25.6	1490.4		293	1415.7	244	1459.5	256	1445.2		1512.6	2025-03		205	0.24
262	Marc Polmans	27.7	1490.0		254	1461.1	276	1434.9	214	1480.7		1618.1	2019-10		410	-0.45
263	Sho Shimabukuro	27.7	1489.3		269	1447.5	274	1436.5	176	1509.2		1692.5	2023-09		189	0.33
264	Maxime Cressy	27.9	1489.2		232	1481.3	338	1376.1	206	1485.0		1836.1	2022-08		439	-0.51
265	Andrea Collarini	33.2	1488.7		376	1341.1	230	1475.7	401	1370.3		1572.5	2019-09		203	0.27
266	Yu Hsiou Hsu	26.0	1487.5		248	1462.9	397	1324.4	447	1345.2		1648.0	2023-11		261	0.02
267	Maks Kasnikowski	21.6	1485.4		286	1425.2	207	1507.0	193	1492.7		1652.1	2024-06		257	0.04
268	Tung Lin Wu	26.9	1483.8		264	1449.8	242	1460.0	337	1401.3		1605.0	2023-04		264	0.02
269	Nicolas Mejia	25.2	1483.7		322	1393.4	221	1484.8	262	1441.9		1536.3	2021-07		250	0.07
270	Geoffrey Blancaneaux	26.7	1483.2		271	1446.6	251	1453.1	350	1395.3		1591.5	2023-05		273	-0.01
271	Bernabe Zapata Miralles	28.3	1483.1		289	1421.3	231	1469.4	240	1458.5		1779.9	2023-05		336	-0.21
272	Bernard Tomic	32.5	1482.9		268	1448.1	279	1433.0	195	1490.9		1947.4	2015-03		240	0.13
273	Stefano Travaglia	33.3	1482.6		240	1469.5	239	1461.1	321	1408.3		1793.8	2021-02		304	-0.11
274	Aziz Dougaz	28.1	1482.3		275	1443.2	237	1462.9	298	1426.8		1555.3	2020-02		222	0.21
275	Andrew Paulson	22.8	1482.3		345	1370.8	257	1449.8	264	1441.2		1560.3	2024-08		525	-0.65
276	Alvaro Guillen Meza	22.3	1481.4		434	1281.3	223	1483.3	265	1440.7		1545.7	2023-11		179	0.43
277	Rio Noguchi	26.3	1480.2		273	1444.0	429	1287.7	351	1395.0		1516.0	2022-10		246	0.12
278	Mili Poljicak	20.8	1479.2		419	1300.7	227	1479.1	334	1403.7		1508.5	2025-05		259	0.07
279	Marco Cecchinato	32.4	1478.0		310	1398.9	240	1460.7	365	1389.3		1838.6	2018-07		402	-0.37
280	Gastao Elias	34.4	1477.4		261	1457.0	262	1446.3	370	1387.1		1737.5	2016-08		320	-0.13
281	Max Hans Rehberg	21.6	1476.0		259	1457.7	318	1393.7	400	1370.9		1575.0	2025-02		267	0.05
282	Gabriel Debru	19.1	1475.4		374	1342.3	225	1480.6	271	1437.7		1596.1	2023-08		253	0.11
283	Nicolai Budkov Kjaer	18.7	1474.4		206	1509.6	297	1409.5	201	1487.2		1625.3	2025-02		319	-0.12
284	Matteo Martineau	26.2	1473.6		239	1471.2	363	1354.6	268	1439.8		1624.5	2024-02		289	-0.02
285	Beibit Zhukayev	24.5	1473.4		256	1459.7	364	1353.6	208	1484.4		1640.2	2023-11		230	0.21
286	Jie Cui	27.2	1473.0		270	1446.9	422	1294.4	274	1436.5		1491.5	2025-05		286	0
287	Jay Clarke	26.8	1473.0		309	1400.3	263	1446.3	387	1379.0		1617.4	2018-07		186	0.43
288	Alex Barrena	22.5	1473.0		369	1346.5	241	1460.0	273	1436.5		1513.6	2025-04		376	-0.27
289	Andrej Martin	35.4	1472.3		343	1373.9	270	1443.1	440	1348.5		1674.7	2014-08		318	-0.10
290	Enzo Couacaud	30.0	1471.4		267	1448.6	246	1458.0	222	1474.8		1647.1	2020-02		412	-0.35
291	Stefan Kozlov	27.2	1471.2		290	1417.7	259	1448.8	246	1452.5		1724.4	2022-02		375	-0.25
292	Egor Gerasimov	32.3	1471.0		265	1449.7	286	1423.9	393	1375.7		1802.1	2020-03		530	-0.60
293	Hazem Naw	24.7	1470.7		252	1461.9	317	1393.7	205	1485.3		1633.7	2024-02		567	-0.66
294	Andres Martin	23.7	1469.5		279	1438.1	255	1451.1	207	1484.7		1603.6	2022-07		374	-0.24
295	Khumoun Sultanov	26.4	1468.4		257	1458.7	394	1327.6	257	1444.9		1553.9	2025-02			
296	Jiri Vesely	31.6	1467.8		258	1457.8	273	1437.6	171	1511.6		1891.6	2014-06		539	-0.60
297	Nerman Fatic	30.5	1466.9		296	1414.1	260	1447.2	248	1451.8		1584.4	2023-07		276	0.07
298	Saba Purtseladze	23.7	1466.8		272	1444.0	411	1307.4	281	1433.4		1466.8	2025-05		238	0.22
299	Henrique Rocha	21.0	1466.4		249	1462.6	282	1429.9	294	1428.0		1637.6	2024-09		200	0.40
300	Cezar Cretu	23.9	1463.6		291	1417.3	293	1416.1	284	1431.8		1526.0	2024-09		337	-0.12
301	Laurent Lokoli	29.9	1463.4		299	1409.7	235	1467.2	230	1465.0		1608.2	2023-07		452	-0.41
302	Zachary Svajda	22.4	1462.3		281	1433.9	329	1386.3	217	1477.0		1769.0	2023-10		228	0.28
303	Genaro Alberto Olivieri	26.7	1462.3		373	1344.3	254	1451.2	428	1356.1		1585.6	2023-07		291	0.04
304	Andres Andrade	26.3	1462.2		308	1400.5	267	1444.5	286	1431.1		1584.8	2024-08		306	-0.01
305	Gianluca Mager	30.4	1462.0		302	1406.3	256	1450.4	300	1424.5		1733.2	2022-01		423	-0.33
306	Antoine Escoffier	33.1	1461.3		284	1429.3	437	1276.2	335	1403.6		1628.4	2023-03		215	0.35
307	Oriol Roca Batalla	32.0	1461.1		330	1385.5	272	1439.0	360	1391.7		1554.6	2024-06		324	-0.05
308	Ryan Peniston	29.4	1460.4		280	1437.4	351	1366.2	258	1443.0		1723.2	2022-06		269	0.14
309	Patrick Zahraj	25.8	1460.1		236	1477.2	371	1349.2	287	1430.1		1596.7	2025-03		278	0.11
310	Jacopo Berrettini	26.4	1459.4		331	1385.2	277	1434.9	288	1429.7		1592.3	2024-05		394	-0.24
311	Santiago Fa Rodriguez Taverna	25.8	1459.3		328	1387.9	252	1452.8	283	1432.0		1672.6	2022-01		195	0.47
312	Omar Jasika	27.9	1458.8		278	1439.3	389	1331.5	444	1347.9		1669.1	2017-02		206	0.42
313	Stuart Parker	27.5	1458.0		266	1449.2	385	1339.0	455	1336.6		1524.1	2025-03		469	-0.40
314	Maximus Jones	20.7	1456.9		274	1443.5	368	1352.4	290	1428.5		1524.4	2025-04		408	-0.26
315	Murkel Alejandro Dellien Velasco	27.6	1456.6		323	1391.4	278	1434.8	270	1438.4		1602.5	2022-01		217	0.37
316	Christoph Negritu	31.1	1456.5		282	1433.1	314	1396.8	292	1428.3		1540.2	2024-11		292	0.08
317	Johannus Monday	23.3	1456.3		288	1422.2	386	1338.2	317	1411.2		1551.9	2025-02		244	0.26
318	Enrico Dalla Valle	27.1	1455.9		360	1356.9	269	1443.6	295	1428.0		1543.6	2024-07		299	0.06
319	Michael Geerts	30.3	1455.3		294	1415.3	288	1421.4	399	1371.3		1540.6	2023-03		274	0.15
320	Clement Chidekh	23.9	1455.2		283	1431.8	384	1339.2	296	1427.6		1695.5	2024-03		297	0.07
321	Hynek Barton	21.0	1450.9		285	1427.0	313	1397.1	299	1425.4		1498.9	2025-02		350	-0.09
322	Inaki Montes De La Torre	22.5	1446.6		314	1397.6	294	1415.3	303	1423.3		1529.0	2025-02		454	-0.34
323	Clement Tabur	25.1	1443.6		357	1360.7	290	1419.7	361	1391.3		1500.9	2023-08		280	0.14
324	Karue Sell	31.5	1443.5		297	1413.9	296	1410.4	305	1421.7		1529.3	2024-10		285	0.13
325	Alexey Vatutin	32.5	1438.1		303	1404.5	334	1382.6	380	1383.0		1637.3	2018-04		302	0.07
326	August Holmgren	27.0	1437.7		312	1398.1	335	1381.4	227	1468.8		1677.9	2021-09		188	0.55
327	Henri Squire	24.6	1437.6		319	1395.9	280	1432.9	460	1332.2		1670.0	2024-06		262	0.22
328	Abedallah Shelbayh	21.5	1437.4		287	1423.9	331	1383.1	275	1436.3		1648.2	2024-02		287	0.13
329	Edas Butvilas	20.7	1435.7		238	1472.9	350	1367.0	279	1434.6		1672.0	2024-09		221	0.40
330	Jakub Nicod	20.1	1434.2		404	1318.2	285	1426.2	309	1417.1		1506.7	2024-09		555	-0.52
331	Denis Yevseyev	31.9	1434.0		316	1396.6	310	1399.0	251	1450.6		1565.7	2024-01		275	0.19
332	Adrian Andreev	23.8	1432.0		329	1387.6	283	1427.5	430	1356.0		1642.9	2023-01		301	0.10
333	Federico Agustin Gomez	28.4	1431.2		351	1365.6	271	1441.0	311	1415.6		1668.6	2024-09		144	0.84
334	Nick Hardt	24.5	1430.7		306	1403.0	298	1409.2	310	1417.1		1619.6	2024-05		526	-0.45
335	Franco Agamenone	32.0	1430.7		384	1335.0	292	1417.1	449	1344.3		1707.6	2021-10		459	-0.31
336	Fajing Sun	28.6	1429.8		300	1409.7	461	1246.5	312	1414.9		1456.5	2025-05		218	0.43
337	Arthur Gea	20.2	1428.0		341	1375.3	301	1407.5	313	1414.0		1501.7	2025-02		309	0.09
338	Robert Strombachs	25.6	1426.9		298	1413.3	337	1376.3	314	1413.4		1462.5	2025-05		338	0
339	Nicolas Kicker	32.7	1426.5		320	1394.8	289	1421.2	417	1362.7		1706.2	2018-05		397	-0.16
340	Goncalo Oliveira	29.8	1424.7		339	1376.7	320	1393.5	396	1373.8		1441.2	2024-11		295	0.14
341	Joao Lucas Reis Da Silva	25.1	1424.1		350	1365.8	306	1402.0	315	1412.0		1516.6	2022-10		351	-0.03
342	Viktor Durasovic	28.1	1424.0		292	1416.8	388	1333.0	391	1377.6		1494.2	2025-02		245	0.33
343	Zdenek Kolar	28.5	1423.8		311	1398.8	304	1404.7	320	1408.5		1621.1	2021-09		428	-0.22
344	Facundo Mena	32.6	1423.5		370	1345.2	302	1407.3	342	1398.8		1616.9	2019-09		214	0.47
345	Filip Cristian Jianu	23.6	1422.8		398	1323.2	295	1411.0	282	1432.2		1578.5	2019-09		236	0.38
346	Samuel Vincent Ruggeri	22.6	1421.8		354	1365.0	328	1386.6	318	1410.9		1525.8	2024-06		432	-0.22
347	Mathias Bourgue	31.2	1420.5		295	1414.2	322	1390.7	369	1387.4		1674.2	2017-04		518	-0.40
348	Yan Bai	35.6	1419.0		333	1383.7	352	1366.1	378	1384.3		1494.4	2015-11		219	0.46
349	Marko Topo	21.6	1418.9		321	1393.6	305	1403.9	307	1418.7		1663.9	2022-04		333	0.05
350	Maxim Mrva	17.7	1418.2		246	1466.4	316	1394.5	238	1459.1		1619.4	2025-03		587	-0.52
351	Frederico Ferreira Silva	29.8	1418.1		336	1382.3	321	1391.2	285	1431.3		1642.4	2021-05		258	0.31
352	Gonzalo Bueno	21.1	1418.1		451	1245.6	315	1396.4	319	1409.0		1518.7	2024-04		328	0.07
353	Daniel Masur	30.4	1417.3		335	1382.7	311	1398.9	333	1404.2		1621.9	2021-03		474	-0.29
354	Giovanni Fonio	26.9	1415.6		304	1403.5	345	1370.0	322	1407.8		1566.9	2023-02		359	-0.01
355	Andre Ilagan	24.4	1413.6		332	1384.4	405	1316.8	323	1406.8		1472.7	2025-02		362	-0.02
356	Remy Bertola	26.7	1413.6		352	1365.6	365	1353.3	324	1406.8		1461.8	2022-10		329	0.08
357	Patrick Maloney	25.1	1413.1		394	1324.8	348	1368.2	325	1406.5		1439.4	2025-04		342	0.04
358	Alfredo Perez	27.9	1412.7		414	1309.3	308	1399.5	326	1406.4		1425.5	2025-04		385	-0.07
359	Lautaro Midon	21.1	1412.1		415	1308.6	303	1405.3	328	1406.0		1433.7	2025-05		317	0.12
360	Alex Martinez	24.0	1411.9		318	1396.1	408	1311.2	329	1406.0		1501.5	2024-07		517	-0.36
361	Rudolf Molleker	24.4	1411.9		367	1349.3	299	1409.2	394	1375.2		1712.9	2019-06		392	-0.08
362	David Jorda Sanchis	30.2	1410.9		380	1338.4	323	1389.4	410	1366.6		1531.3	2023-07		495	-0.31
363	Mats Rosenkranz	26.6	1409.9		326	1389.9	432	1283.6	392	1376.6		1477.6	2024-11		365	-0.01
364	Hernan Casanova	31.2	1409.0		443	1270.7	312	1397.5	397	1373.7		1474.0	2022-09		472	-0.26
365	Sascha Gueymard Wayenburg	21.7	1408.8		301	1407.2	433	1282.7	331	1404.4		1563.9	2025-01		263	0.33
366	Gerard Campana Lee	20.5	1408.8		365	1352.4	349	1367.1	330	1404.4		1510.2	2023-07		435	-0.17
367	Benoit Paire	35.9	1406.9		344	1372.6	284	1426.3	280	1434.5		1909.0	2013-05		506	-0.32
368	Jonas Forejtek	23.8	1406.3		377	1340.6	309	1399.4	374	1386.1		1614.5	2022-05		617	-0.52
369	Joel Schwaerzler	19.3	1402.4		408	1312.6	344	1371.8	338	1401.2		1621.9	2024-05		486	-0.28
370	Max Houkes	24.8	1400.8		429	1291.2	326	1388.8	339	1400.4		1481.3	2025-03		252	0.38
371	Henry Searle	19.1	1400.3		337	1378.2	403	1318.2	386	1379.3		1448.8	2025-03		431	-0.15
372	Jack Pinnington Jones	21.9	1397.2		356	1362.1	409	1308.6	306	1420.0		1521.7	2024-06		339	0.09
373	Antoine Cornut Chauvinc	24.8	1396.2		338	1377.6	400	1319.1	343	1398.1		1453.0	2025-01		537	-0.36
374	Lorenzo Giustino	33.6	1395.6		382	1337.9	332	1383.1	479	1303.6		1643.8	2019-06		282	0.28
375	Lukas Pokorny	23.2	1395.1		361	1355.8	376	1345.8	345	1397.5		1435.5	2025-05		388	-0.03
376	Daniel Michalski	25.3	1394.8		327	1389.7	343	1372.2	253	1447.4		1590.8	2020-02		315	0.18
377	Rodrigo Pacheco Mendez	20.0	1391.7		368	1346.6	377	1345.0	349	1395.9		1461.5	2024-06		266	0.35
378	Paul Jubb	25.5	1389.7		349	1366.4	398	1320.0	266	1440.2		1632.1	2022-03		254	0.40
379	Jakub Paul	26.0	1389.3		353	1365.6	441	1270.4	352	1394.7		1440.9	2025-03		335	0.12
380	Jelle Sels	29.7	1388.8		307	1401.1	382	1339.8	482	1298.2		1640.8	2022-11		358	0.06
381	Maximilian Neuchrist	33.7	1388.6		383	1337.4	339	1375.0	413	1363.8		1549.9	2023-04		422	-0.10
382	Max Wiskandt	23.2	1388.0		407	1314.5	375	1346.0	353	1394.0		1454.0	2025-04		425	-0.11
383	Kilian Feldbausch	19.6	1387.3		436	1278.2	354	1364.8	354	1393.7		1499.1	2024-01		473	-0.21
384	Luka Mikrut	21.0	1386.6		388	1329.7	366	1353.1	356	1393.3		1544.9	2024-06		293	0.27
385	Mathys Erhard	23.5	1386.6		420	1300.3	357	1358.4	355	1393.3		1431.1	2025-05		270	0.35
386	Ernesto Escobedo	28.5	1385.6		346	1370.5	380	1342.2	462	1330.4		1762.7	2017-04		548	-0.35
387	Adolfo Daniel Vallejo	20.9	1384.8		386	1334.7	336	1376.5	260	1442.4		1524.2	2020-03		242	0.47
388	Martin Damm	21.6	1384.5		342	1375.3	452	1259.5	185	1500.4		1767.9	1999-11		546	-0.34
389	Orlando Luz	27.0	1384.2		469	1213.8	333	1382.9	359	1392.1		1519.9	2021-08		653	-0.52
390	Raul Brancaccio	27.8	1381.5		359	1357.1	353	1366.0	423	1360.3		1644.9	2023-01		379	0.03
391	Gabi Adrian Boitan	25.7	1380.4		396	1323.7	325	1389.2	267	1440.2		1488.6	2022-03		368	0.06
392	Matias Soto	26.0	1379.7		399	1323.0	360	1356.0	363	1389.8		1461.2	2025-03		255	0.43
393	Moez Echargui	32.3	1379.6		371	1345.0	359	1356.8	364	1389.8		1478.4	2023-08		463	-0.16
394	Aidan Mayo	21.9	1378.1		334	1383.7	435	1278.7	332	1404.3		1541.1	2024-11		311	0.24
395	Oliver Crawford	25.9	1376.8		379	1339.2	373	1346.8	402	1369.6		1580.7	2023-10		268	0.39
396	Matej Dodig	19.8	1375.4		387	1331.2	372	1348.2	366	1387.7		1601.7	2024-09		354	0.11
397	Govind Nanda	24.1	1375.2		366	1352.1	414	1302.2	367	1387.6		1501.0	2022-09		364	0.09
398	Carlos Sanchez Jover	24.7	1373.0		444	1270.5	370	1350.0	371	1386.5		1440.5	2023-09		271	0.38
399	Mika Brunold	20.6	1372.9		363	1353.9	401	1318.9	372	1386.5		1492.5	2023-03		323	0.21
400	Michael Vrbensky	25.1	1372.9		397	1323.6	369	1350.8	373	1386.5		1576.5	2021-07		427	-0.07
401	Ramkumar Ramanathan	30.2	1371.4		375	1341.5	346	1369.9	346	1397.0		1622.0	2018-04		634	-0.46
402	Philip Henning	24.5	1370.7		364	1353.1	379	1342.9	277	1435.4		1559.8	2021-09		360	0.11
403	Corentin Denolly	27.9	1370.5		412	1309.8	406	1315.4	376	1385.3		1455.6	2025-03		300	0.30
404	Nicolas Alvarez Varona	24.0	1370.2		325	1390.4	404	1317.4	377	1385.1		1526.2	2022-11		316	0.25
405	Sasi Kumar Mukund	28.0	1369.9		372	1344.8	438	1273.1	443	1348.3		1498.8	2019-02		438	-0.08
406	Marvin Moeller	25.6	1369.7		317	1396.5	381	1341.0	278	1434.8		1567.7	2021-07		512	-0.23
407	Blake Ellis	26.1	1365.6		381	1338.1	424	1292.8	381	1382.8		1490.7	2018-02		312	0.27
408	Juan Bautista Torres	23.0	1364.6		433	1284.4	362	1354.8	382	1382.3		1586.6	2022-07		290	0.34
409	Nikolas Sanchez Izquierdo	26.1	1363.4		458	1237.5	367	1352.6	383	1381.7		1517.8	2022-06		357	0.14
410	Micah Braswell	23.2	1361.1		391	1327.2	425	1290.6	385	1380.6		1418.6	2025-01		411	0
411	Hiroki Moriya	34.3	1359.9		390	1327.7	454	1258.4	427	1357.2		1584.0	2012-12		443	-0.07
412	Charles Broom	27.0	1359.7		416	1305.3	426	1289.9	336	1403.2		1536.4	2024-06		314	0.27
413	Florent Bax	25.9	1357.6		392	1326.8	402	1318.8	388	1378.8		1449.1	2025-04		372	0.10
414	Alexey Zakharov	24.7	1357.5		428	1291.5	300	1408.1	389	1378.7		1479.8	2024-07		371	0.11
415	Tristan Lamasine	31.8	1356.2		355	1362.7	410	1308.1	297	1427.2		1641.8	2015-09		677	-0.49
416	Pedro Sakamoto	31.8	1355.3		424	1294.7	378	1344.0	390	1377.7		1495.6	2019-05		322	0.26
417	Jules Marie	33.3	1351.4		411	1310.3	412	1306.9	453	1339.5		1467.6	2024-02		528	-0.24
418	Ergi Kirkin	26.3	1346.7		389	1328.3	391	1330.5	422	1360.4		1516.7	2022-05		446	-0.06
419	Renzo Olivo	33.1	1345.6		410	1310.6	396	1324.5	448	1344.6		1643.4	2015-02		348	0.19
420	Evgeny Karlovskiy	30.7	1344.7		402	1321.3	392	1329.3	419	1361.9		1560.3	2020-01		437	-0.04
421	Robin Bertrand	22.1	1344.2		393	1326.5	427	1289.8	398	1372.1		1540.9	2024-07		366	0.14
422	Lucas Poullain	29.3	1337.7		406	1315.1	450	1263.7	404	1368.9		1590.8	2023-10		378	0.11
423	Antoine Ghibaudo	20.0	1337.1		405	1317.6	439	1272.5	405	1368.6		1359.9	2024-11		651	-0.43
424	Aleksandre Bakshi	27.8	1335.7		418	1304.6	291	1417.9	308	1417.9		1613.0	2024-07		543	-0.25
425	Adria Soriano Barrera	25.9	1335.5		400	1322.8	420	1295.6	406	1367.7		1384.5	2023-06		404	0.05
426	Daniel Merida Aguilar	20.6	1334.9		472	1209.6	374	1346.8	407	1367.4		1349.6	2025-05		303	0.34
427	Toby Alex Kodat	22.3	1334.7		430	1290.5	419	1295.8	408	1367.3		1535.4	2024-05		389	0.09
428	Marek Gengel	29.4	1334.2		403	1321.0	468	1228.1	441	1348.5		1505.8	2023-01		247	0.55
429	Juan Carlos Prado Angelo	20.1	1332.9		440	1274.6	399	1319.4	411	1366.4		1464.8	2024-11		308	0.33
430	Giles Hussey	27.9	1332.8		425	1294.4	436	1276.4	454	1338.0		1422.5	2025-04		434	-0.01
431	Garrett Johns	24.3	1329.3		409	1312.3	430	1286.2	412	1364.6		1408.0	2025-03		352	0.20
432	Dan Added	26.0	1326.5		417	1305.1	447	1265.5	414	1363.2		1509.3	2023-03		361	0.18
433	Christian Langmo	28.9	1326.4		413	1309.4	482	1181.8	415	1363.2		1411.8	2023-04		325	0.29
434	Daniel Dutra Da Silva	36.8	1326.3		447	1257.7	421	1294.5	416	1363.2		1519.5	2009-02		331	0.27
435	Oleg Prihodko	27.5	1324.5		423	1296.7	443	1268.6	418	1362.3		1514.0	2021-12		326	0.29
436	Tom Paris	22.6	1323.6		395	1324.8	465	1235.3	420	1361.8		1404.4	2025-03		403	0.08
437	Moerani Bouzige	25.8	1322.7		421	1300.0	440	1271.4	421	1361.4		1416.7	2024-12		369	0.17
438	Strong Kirchheimer	29.5	1320.6		422	1298.6	473	1210.2	424	1360.3		1390.2	2023-09		605	-0.32
439	Tyler Zink	24.1	1320.4		401	1322.2	442	1269.2	425	1360.2		1379.8	2025-03		334	0.27
440	Dane Sweeny	23.9	1317.8		426	1293.7	470	1224.1	480	1302.7		1568.3	2024-02		568	-0.26
441	Maxime Janvier	28.5	1317.3		438	1274.7	418	1296.6	368	1387.5		1601.5	2019-09		409	0.08
442	Gonzalo Villanueva	30.3	1316.4		470	1212.3	407	1312.4	426	1358.2		1454.7	2022-05		420	0.05
443	Yusuke Takahashi	27.5	1312.1		431	1288.8	431	1284.7	429	1356.1		1451.5	2018-01		414	0.07
444	Franco Roncadelli	25.2	1311.5		454	1241.8	417	1297.0	431	1355.8		1395.8	2024-09		356	0.22
445	Diego Dedura Palomero	17.1	1309.8		457	1238.0	415	1301.8	432	1354.9		1330.8	2025-04		386	0.14
446	Neil Oberleitner	25.7	1305.2		452	1242.9	416	1298.8	433	1352.6		1378.0	2024-07		405	0.10
447	Oleksandr Ovcharenko	23.4	1301.1		439	1274.7	448	1264.3	435	1350.5		1385.7	2025-02		347	0.25
448	Ryan Seggerman	25.7	1301.1		448	1254.6	387	1333.9	434	1350.6		1512.4	2024-08		481	-0.07
449	Guido Ivan Justo	27.3	1300.1		459	1235.7	423	1293.3	436	1350.1		1319.7	2025-04		387	0.15
450	Conner Huertas Del Pino	29.3	1299.0		427	1292.0	446	1266.4	437	1349.5		1354.2	2025-04		538	-0.18
451	Petr Bar Biryukov	23.2	1298.9		435	1280.6	453	1259.5	438	1349.5		1329.9	2025-02		340	0.28
452	Justin Engel	17.6	1297.6		445	1269.5	449	1263.8	439	1348.8		1451.7	2024-10		284	0.46
453	Pedro Boscardin Dias	22.2	1296.9		480	1186.4	428	1289.7	442	1348.4		1424.7	2022-05		384	0.17
454	Sebastian Fanselow	33.0	1286.6		442	1271.2	456	1256.7	468	1325.7		1540.8	2019-01		728	-0.47
455	Keegan Smith	26.6	1283.2		450	1250.6	481	1184.7	450	1341.6		1403.9	2021-12		533	-0.16
456	Masamichi Imamura	26.4	1282.5		446	1263.0	459	1251.2	451	1341.2		1394.5	2024-11		345	0.28
457	Mateus Alves	24.2	1282.4		476	1195.1	434	1279.2	452	1341.2		1422.1	2024-11		327	0.33
458	Roberto Cid	31.6	1282.1		432	1285.3	460	1250.6	446	1345.4		1621.4	2018-06		436	0.05
459	Rigele Te	27.5	1269.6		462	1231.4	413	1306.0	456	1334.8		1331.9	2024-05		502	-0.09
460	Alex Marti Pujolras	26.2	1268.1		437	1275.6	464	1239.4	457	1334.0		1359.7	2023-04		341	0.30
461	Kaichi Uchida	30.7	1267.5		453	1242.3	444	1267.2	445	1346.5		1571.8	2023-02		444	0.04
462	Mariano Kestelboim	29.2	1265.6		474	1204.2	445	1267.2	458	1332.8		1290.0	2025-04		418	0.10
463	Maxime Chazal	32.0	1265.2		481	1178.1	457	1256.1	459	1332.6		1382.8	2015-09		330	0.34
464	Pedro Araujo	23.1	1263.7		449	1253.1	476	1202.2	461	1331.8		1307.5	2025-01		440	0.05
465	Juan Alejandro Hernandez Serrano	25.8	1260.4		460	1234.0	474	1207.0	463	1330.2		1291.9	2025-04		490	-0.05
466	Martin Krumich	21.6	1260.2		455	1240.1	467	1230.8	464	1330.1		1347.7	2022-05		487	-0.04
467	Tomas Farjat	23.7	1258.4		464	1222.6	451	1261.1	465	1329.2		1344.4	2024-08		504	-0.08
468	Valerio Aboian	22.8	1257.6		477	1188.7	455	1257.1	466	1328.8		1355.1	2024-04		429	0.09
469	Jose Pereira	34.2	1254.0		463	1225.1	462	1241.4	467	1327.0		1354.7	2022-04		581	-0.21
470	Petr Nesterov	22.0	1250.6		441	1274.2	471	1223.1	469	1325.3		1421.9	2024-08		415	0.12
471	Kris Van Wyk	28.6	1249.2		456	1238.2	341	1374.6	395	1374.6		1448.8	2024-10		393	0.18
472	Alejo Lorenzo Lingua Lavallen	24.1	1244.0		461	1232.0	466	1233.6	471	1322.0		1431.1	2024-05		674	-0.36
473	Yi Zhou	20.1	1238.0		467	1218.1	472	1210.8	472	1319.0		1365.8	2024-02		367	0.25
474	Kasidit Samrej	24.3	1234.1		466	1218.8	390	1331.2	409	1367.0		1424.3	2019-04		382	0.22
475	Miguel Damas	25.2	1225.6		465	1218.9	479	1189.6	473	1312.8		1310.3	2022-04		442	0.07
476	Naoki Nakagawa	28.3	1225.6		468	1217.6	487	1117.0	474	1312.8		1327.7	2024-09		349	0.31
477	Benjamin Lock	31.7	1221.0		475	1200.7	475	1204.1	470	1324.4		1579.9	2015-07		391	0.20
478	Luciano Emanuel Ambrogi	21.4	1217.1		483	1159.7	469	1227.3	475	1308.5		1410.3	2024-09		373	0.25
479	Bruno Kuzuhara	21.0	1216.5		478	1188.0	478	1196.1	476	1308.2		1335.1	2024-07		569	-0.17
480	Vadym Ursu	28.3	1213.5		479	1187.5	484	1162.9	484	1285.7		1255.5	2024-10		458	0.05
481	Andrea Picchione	26.8	1211.4		471	1210.0	477	1196.5	477	1305.7		1366.1	2024-04		419	0.14
482	Karan Singh	21.8	1210.8		482	1162.8	458	1252.3	478	1305.4		1339.8	2025-02		460	0.05
483	Leonardo Aboian	27.0	1197.1		473	1208.5	480	1186.9	481	1298.5		1275.4	2024-06		669	-0.33
484	Alexis Gautier	27.7	1191.5		486	1127.5	463	1241.3	483	1295.8		1509.5	2021-10		760	-0.45
485	Matthew Dellavedova	24.7	1154.2		485	1139.5	485	1147.1	485	1277.1		1201.5	2024-01		396	0.20
486	Kiranpal Pannu	28.3	1151.5		484	1147.4	486	1127.2	486	1275.7		1371.7	2024-02		641	-0.28
487	Ajeet Rai	26.0	1122.9		487	1096.4	483	1171.4	487	1261.4		1293.8	2019-09		465	0.05