Elo Rank	Player	Age	Elo	    	hElo Rank	hElo	cElo Rank	cElo	gElo Rank	gElo	    	Peak Elo	Peak Month	    	WTA Rank	Log diff
1	Aryna Sabalenka	27.0	2192.0		1	2138.7	1	2102.7	1	1953.3		2206.4	2025-05		1	0
2	Iga Swiatek	23.9	2115.5		2	2079.6	2	2047.0	3	1851.2		2291.0	2024-07		5	-0.92
3	Coco Gauff	21.1	2113.2		4	2050.1	3	2031.2	2	1894.7		2155.7	2024-01		2	0.41
4	Mirra Andreeva	18.0	2097.2		3	2076.6	5	1971.5	11	1795.5		2159.2	2025-03		6	-0.41
5	Qinwen Zheng	22.5	2044.7		5	1989.4	4	1986.4	39	1691.1		2098.3	2024-11		7	-0.34
6	Jasmine Paolini	29.3	2025.9		10	1938.7	6	1951.8	5	1833.5		2025.9	2025-05		4	0.41
7	Madison Keys	30.2	2021.7		7	1961.2	9	1911.8	6	1824.0		2090.1	2016-08		8	-0.13
8	Elena Rybakina	25.9	2012.0		8	1959.6	7	1923.0	4	1846.9		2155.6	2024-04		11	-0.32
9	Jessica Pegula	31.2	2009.0		6	1977.5	11	1852.0	8	1811.1		2094.9	2024-01		3	1.10
10	Elina Svitolina	30.6	1993.7		11	1919.2	8	1913.9	9	1800.3		2120.6	2018-05		14	-0.34
11	Karolina Muchova	28.5	1980.8		9	1938.9	19	1832.8	19	1752.9		2029.1	2023-08		13	-0.17
12	Paula Badosa	27.5	1939.5		12	1895.9	17	1834.3	16	1758.3		2078.1	2022-01		10	0.18
13	Marta Kostyuk	22.8	1928.9		15	1869.0	13	1846.6	32	1711.8		1986.1	2024-04		25	-0.65
14	Belinda Bencic	28.1	1916.7		13	1881.8	39	1755.4	34	1708.3		2100.0	2015-09		39	-1.02
15	Elise Mertens	29.4	1913.9		16	1860.6	14	1842.8	38	1696.4		2042.7	2021-04		24	-0.47
16	Peyton Stearns	23.5	1912.6		35	1811.6	10	1853.8	76	1609.0		1925.1	2025-05		33	-0.72
17	Ekaterina Alexandrova	30.4	1911.4		20	1844.9	22	1804.7	10	1795.9		1977.2	2020-02		20	-0.16
18	Danielle Collins	31.4	1904.7		31	1821.7	12	1849.0	36	1702.4		2061.1	2024-05		54	-1.10
19	Emma Raducanu	22.5	1904.4		19	1845.8	24	1790.5	21	1748.6		1998.0	2021-08		41	-0.77
20	Diana Shnaider	21.0	1897.7		28	1823.3	16	1835.0	13	1784.2		1976.1	2024-08		12	0.51
21	Amanda Anisimova	23.6	1897.5		14	1876.9	34	1764.0	41	1685.6		2013.4	2022-08		16	0.27
22	Jelena Ostapenko	27.9	1896.1		26	1825.6	15	1839.8	7	1812.7		2029.5	2017-10		21	0.05
23	Anastasia Potapova	24.1	1894.2		29	1822.4	18	1833.6	31	1712.4		1920.5	2023-06		37	-0.48
24	Emma Navarro	24.0	1892.2		17	1860.6	23	1798.4	14	1772.5		2002.7	2024-08		9	0.98
25	Naomi Osaka	27.5	1885.0		24	1832.5	25	1789.6	43	1684.3		2193.3	2021-03		49	-0.67
26	Liudmila Samsonova	26.5	1882.5		27	1825.6	28	1776.5	17	1757.4		1984.3	2023-10		18	0.37
27	Victoria Azarenka	35.7	1878.7		22	1839.1	29	1775.1	27	1722.8		2312.3	2013-03		75	-1.02
28	Sofia Kenin	26.5	1871.3		36	1809.3	31	1770.9	40	1691.0		2057.0	2020-02		30	-0.07
29	Clara Tauson	22.4	1868.5		18	1847.6	41	1751.3	94	1581.9		1934.9	2022-01		22	0.28
30	Anna Kalinskaya	26.4	1867.0		37	1807.3	43	1750.0	20	1750.6		1948.6	2024-04		28	0.07
31	Daria Kasatkina	28.0	1863.0		32	1816.7	27	1782.4	12	1785.3		2036.5	2018-03		17	0.60
32	Katie Boulter	28.7	1860.2		33	1815.9	47	1736.5	15	1766.3		1894.3	2024-03		38	-0.17
33	Maria Sakkari	29.7	1858.8		34	1815.2	20	1812.8	44	1681.5		2067.5	2022-03		90	-1.00
34	Olga Danilovic	24.2	1858.0		52	1753.7	21	1806.0	61	1637.0		1865.8	2025-05		34	0
35	Ashlyn Krueger	21.0	1856.5		25	1826.9	63	1707.9	42	1684.5		1896.7	2025-02		35	0
36	Linda Noskova	20.4	1855.5		21	1839.5	56	1721.2	64	1631.3		1946.1	2025-02		29	0.22
37	Magda Linette	33.2	1855.3		43	1787.3	26	1787.9	50	1665.7		1866.6	2023-02		32	0.15
38	Yulia Putintseva	30.3	1851.5		41	1794.0	30	1773.5	23	1741.1		1933.4	2025-01		31	0.20
39	Ons Jabeur	30.6	1849.6		40	1796.9	32	1770.5	22	1745.5		2110.5	2022-06		36	0.08
40	Anastasia Pavlyuchenkova	33.8	1847.9		30	1822.1	42	1750.2	55	1646.7		2058.1	2011-05		50	-0.22
41	Caroline Wozniacki	34.1	1844.9		38	1805.1	53	1727.8	24	1737.0		2255.1	2011-04		136	-1.20
42	Donna Vekic	28.8	1838.3		46	1774.8	35	1762.2	18	1753.8		1947.0	2019-08		19	0.79
43	Marketa Vondrousova	25.6	1832.2		45	1776.5	46	1738.9	49	1666.1		2062.5	2023-08		96	-0.80
44	Veronika Kudermetova	28.0	1825.9		47	1773.8	36	1758.2	28	1720.0		1981.1	2023-05		46	-0.04
45	Karolina Pliskova	32.4	1825.5		39	1799.1	40	1752.7	25	1731.2		2089.1	2020-01		183	-1.40
46	Mccartney Kessler	25.8	1824.8		23	1832.7	109	1612.6	53	1650.5		1933.3	2025-03		44	0.04
47	Maya Joint	19.0	1817.8		57	1738.8	33	1769.7	91	1587.9		1817.8	2025-05		53	-0.12
48	Bianca Andreescu	24.8	1812.5		48	1763.0	52	1728.5	47	1668.5		2157.5	2019-09		99	-0.72
49	Sorana Cirstea	35.0	1810.7		42	1792.5	65	1706.5	67	1628.9		1928.2	2009-08		161	-1.19
50	Leylah Fernandez	22.6	1808.1		44	1786.1	75	1682.9	33	1708.9		1977.3	2022-03		27	0.62
51	Caroline Garcia	31.4	1799.6		50	1759.5	37	1757.7	30	1713.2		2044.8	2017-10		144	-1.04
52	Jaqueline Cristian	26.9	1798.1		56	1740.1	50	1730.3	156	1504.3		1811.3	2025-05		60	-0.14
53	Camila Osorio	23.4	1798.0		59	1736.5	44	1745.5	51	1658.5		1852.0	2023-06		51	0.04
54	Marie Bouzkova	26.8	1795.1		51	1759.1	51	1730.0	54	1649.0		1958.3	2022-10		47	0.14
55	Beatriz Haddad Maia	28.9	1794.5		62	1731.7	38	1757.3	35	1704.7		1945.0	2022-08		23	0.87
56	Katerina Siniakova	29.0	1793.1		49	1760.5	68	1694.6	29	1714.4		1950.5	2017-01		63	-0.12
57	Barbora Krejcikova	29.4	1790.4		55	1742.4	95	1641.4	26	1728.6		2054.4	2021-08		15	1.34
58	Dayana Yastremska	24.9	1788.7		54	1746.2	58	1715.4	60	1637.1		1978.4	2019-02		48	0.19
59	Taylor Townsend	28.9	1788.0		53	1748.5	55	1721.6	117	1544.2		1840.9	2024-04		104	-0.57
60	Moyuka Uchijima	23.7	1787.0		72	1707.5	45	1740.4	114	1547.8		1822.8	2025-04		61	-0.02
61	Rebeka Masarova	25.7	1780.8		75	1705.9	49	1730.9	88	1589.8		1817.5	2023-04		121	-0.68
62	Elena Gabriela Ruse	27.4	1780.1		60	1734.9	60	1712.0	57	1643.1		1845.7	2022-02		80	-0.25
63	Elina Avanesyan	22.6	1775.0		58	1738.7	64	1707.2	59	1637.9		1835.3	2024-08		40	0.45
64	Rebecca Sramkova	28.5	1769.0		61	1732.0	83	1664.9	107	1557.2		1821.7	2024-11		42	0.42
65	Magdalena Frech	27.4	1769.0		66	1720.9	69	1693.8	72	1620.8		1846.4	2024-10		26	0.92
66	Sonay Kartal	23.5	1765.8		65	1723.3	179	1525.2	52	1654.6		1828.1	2024-10		56	0.16
67	Hailey Baptiste	23.5	1764.9		69	1709.8	76	1679.6	104	1559.9		1790.5	2025-05		70	-0.04
68	Eva Lys	23.3	1759.7		70	1709.5	73	1690.7	86	1593.0		1799.5	2025-03		59	0.14
69	Victoria Mboko	18.7	1759.7		71	1708.4	93	1644.1	108	1554.9		1787.2	2025-05		120	-0.55
70	Jessica Bouzas Maneiro	22.6	1755.9		103	1659.2	62	1709.0	71	1621.6		1797.8	2024-04		68	0.03
71	Xin Yu Wang	23.6	1753.2		74	1706.0	87	1655.5	45	1676.5		1834.8	2024-07		43	0.50
72	Irina Camelia Begu	34.7	1752.6		86	1677.8	48	1735.2	89	1589.8		1931.2	2016-05		92	-0.25
73	Suzan Lamens	25.8	1749.8		79	1698.7	104	1625.5	172	1488.3		1795.2	2025-04		69	0.06
74	Ajla Tomljanovic	32.0	1749.3		78	1700.8	77	1677.8	37	1700.9		1907.7	2022-08		71	0.04
75	Katie Volynets	23.3	1749.1		88	1676.3	57	1717.4	83	1596.9		1828.5	2024-06		65	0.14
76	Anna Blinkova	26.6	1747.5		67	1719.2	91	1647.7	70	1623.2		1830.2	2019-10		62	0.20
77	Lesia Tsurenko	35.4	1744.4		73	1706.8	70	1693.0	48	1667.1		1916.2	2019-01		278	-1.28
78	Kaja Juvan	24.4	1740.9		96	1667.5	71	1692.7	46	1671.0		1825.6	2022-05		353	-1.51
79	Kimberly Birrell	27.0	1738.3		63	1727.4	182	1523.5	78	1603.5		1804.5	2025-03		66	0.18
80	Caroline Dolehide	26.6	1736.9		82	1686.3	86	1656.1	160	1499.9		1747.5	2025-04		67	0.18
81	Ann Li	24.8	1735.4		99	1666.2	67	1695.0	143	1514.8		1894.4	2021-03		55	0.39
82	Varvara Gracheva	24.7	1732.1		100	1665.4	80	1669.1	101	1566.1		1819.8	2019-10		72	0.13
83	Francesca Jones	24.6	1730.7		110	1637.7	72	1691.7	173	1486.9		1730.7	2025-05		122	-0.39
84	Anhelina Kalinina	28.1	1730.6		84	1682.3	61	1710.0	81	1598.6		1890.8	2022-06		113	-0.30
85	Tereza Valentova	18.2	1729.3		64	1724.5	101	1631.7	121	1539.7		1797.0	2025-04		172	-0.70
86	Viktorija Golubic	32.5	1728.8		68	1712.1	131	1583.1	68	1627.2		1836.2	2021-07		78	0.10
87	Sloane Stephens	31.9	1725.2		101	1659.5	54	1722.8	75	1610.4		2028.2	2017-08		393	-1.51
88	Lucia Bronzetti	26.4	1724.4		77	1701.2	106	1623.6	106	1558.7		1777.9	2025-03		57	0.43
89	Aliaksandra Sasnovich	31.1	1724.4		91	1673.4	81	1668.8	77	1604.9		1944.3	2019-01		105	-0.17
90	Alina Korneeva	17.5	1721.9		83	1685.3	199	1503.7	126	1535.9		1802.5	2024-10		282	-1.14
91	Greet Minnen	27.7	1716.8		85	1682.0	113	1606.7	63	1633.8		1795.8	2020-02		77	0.17
92	Antonia Ruzic	22.3	1716.3		76	1703.5	137	1572.5	128	1534.7		1785.8	2025-03		101	-0.09
93	Yafan Wang	30.7	1716.1		80	1698.3	161	1544.9	115	1546.2		1853.2	2019-03		112	-0.19
94	Ana Bogdan	32.3	1714.9		93	1671.6	79	1670.6	69	1625.1		1826.3	2023-07		173	-0.61
95	Mayar Sherif	29.0	1713.0		185	1545.3	59	1714.2	122	1538.6		1863.6	2023-06		84	0.12
96	Alexandra Eala	19.9	1704.8		92	1672.0	176	1528.7	96	1572.8		1721.0	2025-04		73	0.27
97	Polina Kudermetova	21.9	1704.6		90	1673.7	107	1620.9	105	1559.4		1770.3	2024-12		58	0.51
98	Yue Yuan	26.6	1702.6		94	1669.2	116	1603.8	102	1562.1		1869.7	2024-04		87	0.12
99	Laura Siegemund	37.1	1702.4		89	1674.3	94	1643.0	95	1581.7		1917.6	2016-08		107	-0.08
100	Clara Burel	23.9	1701.7		95	1667.9	78	1673.3	136	1522.4		1845.7	2024-01		195	-0.67
101	Bernarda Pera	30.4	1700.3		102	1659.5	85	1658.3	85	1595.5		1843.1	2022-08		83	0.20
102	Lois Boisson	21.9	1697.9		213	1492.6	84	1660.1	135	1523.9		1719.5	2024-04		361	-1.26
103	Zeynep Sonmez	23.0	1697.4		97	1667.2	122	1597.9	82	1597.3		1769.8	2024-12		76	0.30
104	Anna Bondar	27.9	1693.7		141	1592.9	74	1689.8	195	1464.4		1786.6	2022-05		82	0.24
105	Alycia Parks	24.3	1692.5		81	1691.2	196	1506.6	65	1630.7		1824.7	2023-01		52	0.70
106	Anca Alexia Todoni	20.5	1691.2		159	1578.0	66	1702.0	80	1600.3		1785.1	2025-01		88	0.19
107	Dalma Galfi	26.7	1691.2		179	1555.9	82	1668.5	56	1646.7		1714.7	2022-07		95	0.12
108	Diane Parry	22.7	1690.7		116	1633.0	97	1633.1	87	1591.1		1763.9	2024-03		93	0.15
109	Sara Sorribes Tormo	28.5	1687.7		105	1648.7	90	1649.7	112	1548.9		1900.8	2021-08		131	-0.18
110	Tatiana Prozorova	21.5	1686.9		87	1677.3	133	1579.9	140	1518.5		1730.1	2025-02		160	-0.37
111	Simona Waltert	24.4	1686.6		111	1636.6	96	1634.5	127	1535.3		1702.1	2022-08		135	-0.20
112	Shuai Zhang	36.3	1684.9		98	1667.1	139	1571.4	79	1602.5		1873.3	2018-01		134	-0.18
113	Caty Mcnally	23.4	1683.1		135	1602.7	92	1647.3	92	1582.2		1805.5	2019-07		235	-0.73
114	Viktoriya Tomova	30.2	1683.0		106	1646.4	112	1610.0	99	1568.3		1752.1	2024-06		64	0.58
115	Ena Shibahara	27.2	1681.2		114	1635.2	147	1566.5	116	1545.3		1713.2	2024-11		125	-0.08
116	Petra Martic	34.3	1681.0		112	1636.5	88	1651.6	74	1610.8		1979.2	2019-09		116	0
117	Renata Zarazua	27.6	1676.8		123	1624.0	105	1624.0	123	1538.0		1761.2	2025-01		74	0.46
118	Elisabetta Cocciaretto	24.3	1669.8		119	1631.1	98	1632.4	73	1616.1		1853.5	2023-07		89	0.28
119	Aoi Ito	20.9	1668.4		109	1639.8	262	1422.2	193	1470.0		1786.2	2024-12		103	0.14
120	Lulu Sun	24.0	1667.0		118	1632.7	160	1545.8	66	1629.0		1831.6	2024-08		45	0.98
121	Iva Jovic	17.3	1661.1		143	1591.7	121	1600.6	151	1505.6		1713.7	2025-04		129	-0.06
122	Robin Montgomery	20.6	1659.8		130	1609.9	130	1585.1	58	1640.6		1779.9	2024-07		115	0.06
123	Xiyu Wang	24.1	1657.0		115	1633.2	103	1626.3	129	1533.9		1803.0	2024-02		139	-0.12
124	Nadia Podoroska	27.9	1656.8		122	1626.0	125	1591.7	152	1505.6		1866.8	2021-01		186	-0.41
125	Lin Zhu	31.2	1655.7		107	1643.4	239	1445.9	133	1526.2		1808.9	2023-09		293	-0.85
126	Emiliana Arango	24.4	1655.3		104	1650.9	135	1573.5	153	1505.3		1698.2	2025-02		85	0.39
127	Oksana Selekhmeteva	22.2	1653.7		138	1598.0	102	1629.8	159	1501.8		1718.0	2024-07		147	-0.15
128	Sinja Kraus	22.9	1652.8		167	1568.0	119	1601.7	103	1561.2		1711.3	2025-03		158	-0.21
129	Claire Liu	24.9	1652.7		108	1640.4	127	1590.0	139	1519.3		1814.6	2022-05		430	-1.20
130	Daria Saville	31.1	1651.0		120	1630.2	143	1569.3	131	1530.2		1971.3	2017-01		137	-0.05
131	Leolia Jeanjean	29.7	1650.8		129	1613.4	120	1600.7	154	1505.0		1684.9	2022-09		100	0.27
132	Cristina Bucsa	27.3	1650.6		121	1628.5	152	1557.3	144	1512.9		1736.6	2023-04		98	0.30
133	Alison Van Uytvanck	30.3	1649.4		128	1617.4	159	1547.0	62	1635.3		1860.8	2018-07			
134	Brenda Fruhvirtova	17.7	1645.0		125	1621.8	114	1606.3	98	1572.0		1803.1	2024-05		377	-1.03
135	Mananchaya Sawangkaew	22.8	1644.1		127	1618.2	157	1551.9	130	1532.8		1775.4	2025-02		109	0.21
136	Celine Naef	19.8	1643.9		117	1632.8	195	1508.4	113	1548.4		1713.2	2023-09		187	-0.32
137	Kamilla Rakhimova	23.7	1643.9		147	1588.8	117	1603.3	155	1504.6		1737.3	2024-09		86	0.47
138	Sara Errani	38.0	1643.8		158	1578.5	108	1613.8	149	1507.9		2085.5	2013-05		176	-0.24
139	Anna Karolina Schmiedlova	30.4	1642.6		164	1571.1	89	1650.2	214	1450.9		1942.1	2015-09		243	-0.56
140	Maria Lourdes Carle	25.2	1640.6		157	1578.9	118	1601.8	202	1461.2		1768.7	2024-05		127	0.10
141	Sara Bejlek	19.2	1640.6		161	1575.3	100	1631.8	238	1430.8		1767.0	2024-04		188	-0.29
142	Julia Grabher	28.8	1638.5		210	1496.3	99	1631.9	236	1431.7		1691.9	2022-09		159	-0.11
143	Wakana Sonobe	17.3	1637.4		113	1636.5	278	1410.7	166	1493.7		1733.6	2025-04		294	-0.72
144	Yuliia Starodubtseva	25.2	1636.7		149	1588.6	146	1567.5	93	1582.1		1834.9	2024-10		81	0.58
145	Priscilla Hon	27.0	1635.6		126	1619.9	180	1524.7	189	1474.7		1673.8	2019-10		133	0.09
146	Qiang Wang	32.7	1634.3		133	1606.4	126	1590.7	138	1521.2		1979.9	2018-10		616	-1.44
147	Lauren Davis	31.5	1632.4		132	1608.2	136	1573.4	111	1550.4		1924.3	2017-03		185	-0.23
148	Arantxa Rus	34.4	1630.8		144	1590.3	110	1611.0	171	1488.4		1774.5	2012-07		94	0.45
149	Rebecca Marino	34.3	1630.3		142	1592.3	194	1508.4	97	1572.3		1833.6	2010-11		106	0.34
150	Jil Teichmann	27.8	1629.2		131	1608.9	132	1583.0	222	1442.1		1922.9	2022-05		97	0.44
151	Martina Trevisan	30.9	1624.0		162	1572.1	111	1610.7	310	1384.6		1803.7	2022-05		166	-0.09
152	Varvara Lepchenko	38.9	1622.9		148	1588.8	150	1564.3	145	1511.2		1891.7	2015-01		118	0.25
153	Ella Seidel	20.2	1622.7		139	1593.5	140	1571.1	255	1418.7		1753.5	2024-01		111	0.32
154	Jule Niemeier	25.7	1622.6		160	1577.3	124	1593.5	100	1566.9		1867.6	2022-06		128	0.18
155	Maja Chwalinska	23.5	1621.6		153	1582.7	123	1596.1	137	1521.9		1717.6	2024-07		132	0.16
156	Nina Stojanovic	28.7	1620.4		146	1589.8	138	1572.2	134	1524.2		1752.9	2019-10		167	-0.07
157	Heather Watson	32.9	1619.2		137	1598.8	220	1470.0	109	1551.3		1912.2	2014-06		163	-0.04
158	Tatjana Maria	37.7	1618.9		136	1600.0	170	1537.1	84	1595.6		1804.5	2009-08		79	0.69
159	Teodora Kostovic		1617.3		201	1507.2	151	1561.2	176	1483.6		1669.0	2025-05		395	-0.91
160	Oceane Dodin	28.1	1615.6		134	1604.1	192	1510.4	168	1492.6		1827.7	2016-11		351	-0.79
161	Anna Lena Friedsam	31.2	1615.6		170	1564.2	158	1550.4	186	1477.5		1842.9	2016-05		285	-0.57
162	Solana Sierra	20.9	1615.3		177	1558.4	134	1575.5	220	1444.4		1697.2	2024-12		110	0.39
163	Hanne Vandewinkel	20.9	1613.8		168	1565.3	155	1552.6	178	1481.9		1647.0	2025-04		191	-0.16
164	Elsa Jacquemot	22.0	1613.1		165	1570.9	165	1540.8	147	1509.0		1652.8	2024-01		138	0.17
165	Jana Fett	28.5	1611.0		190	1533.3	128	1589.4	150	1507.9		1755.5	2017-10		143	0.14
166	Mia Pohankova		1609.8		145	1589.9	266	1419.9	181	1479.9		1685.9	2024-11		474	-1.05
167	Harriet Dart	28.7	1608.7		152	1583.8	240	1445.6	90	1588.3		1727.2	2022-06		117	0.36
168	Anastasia Zakharova	23.3	1606.4		156	1579.7	190	1512.4	246	1426.2		1706.7	2024-10		108	0.44
169	Linda Fruhvirtova	19.9	1606.2		150	1585.9	188	1513.2	182	1479.7		1764.1	2023-03		152	0.11
170	Zarina Diyas	31.5	1605.7		154	1580.3	164	1543.5	142	1514.9		1856.6	2015-02		276	-0.48
171	Clervie Ngounoue	18.7	1605.5		140	1593.3	216	1472.2	213	1451.1		1656.8	2025-03		238	-0.33
172	Darja Semenistaja	22.6	1604.1		212	1493.0	115	1606.2	158	1502.1		1710.3	2023-07		124	0.33
173	Elena Pridankina	19.6	1603.6		191	1532.0	129	1587.5	187	1476.8		1658.2	2025-04		171	0.01
174	Linda Klimovicova	20.8	1602.8		151	1584.1	287	1400.3	188	1476.4		1636.8	2025-03		201	-0.14
175	Saisai Zheng	31.0	1601.0		173	1560.8	167	1539.3	165	1495.5		1827.5	2020-03		586	-1.21
176	Marina Stakusic	20.4	1600.9		172	1561.7	202	1494.9	120	1540.0		1794.3	2024-02		123	0.36
177	Sijia Wei	21.4	1597.3		124	1621.9	307	1385.9	179	1481.5		1762.6	2025-01		130	0.31
178	Maddison Inglis	27.2	1595.6		166	1570.0	237	1446.4	183	1479.7		1627.3	2025-04		156	0.13
179	Chloe Paquet	30.8	1593.9		226	1479.9	149	1564.5	228	1437.4		1631.4	2024-08		119	0.41
180	Olivia Gadecki	23.0	1591.1		181	1554.4	200	1501.8	110	1550.7		1767.5	2024-10		91	0.68
181	Fiona Ferro	28.1	1588.0		178	1557.0	173	1533.4	219	1445.9		1864.6	2021-03		444	-0.90
182	Iryna Shymanovich	27.8	1585.1		205	1501.6	153	1554.8	278	1402.8		1649.2	2023-08		164	0.10
183	Destanee Aiava	24.9	1584.2		176	1558.8	232	1453.9	239	1430.1		1640.5	2025-02		155	0.17
184	Talia Gibson	20.8	1583.9		175	1559.0	305	1386.7	167	1492.8		1656.9	2024-10		126	0.38
185	Sachia Vickery	29.7	1583.6		186	1544.2	162	1544.8	197	1462.7		1736.9	2018-04		400	-0.77
186	Dominika Salkova	20.8	1583.5		155	1580.1	207	1486.0	224	1441.0		1653.5	2024-05		239	-0.25
187	Katarzyna Kawa	32.4	1582.1		245	1460.0	145	1569.2	190	1473.4		1649.3	2020-11		142	0.28
188	Panna Udvardy	26.6	1581.3		198	1520.1	166	1540.2	146	1509.5		1704.6	2023-01		141	0.29
189	Victoria Jimenez Kasintseva	19.7	1581.3		230	1475.0	142	1570.4	205	1458.1		1630.3	2024-09		146	0.26
190	Oleksandra Oliynykova	24.3	1580.8		347	1359.2	148	1566.4	194	1465.4		1580.8	2025-05		217	-0.13
191	Sofia Costoulas	20.0	1577.6		163	1572.1	303	1389.5	196	1463.8		1577.6	2025-04		210	-0.09
192	Erika Andreeva	20.8	1577.1		169	1564.4	203	1494.6	141	1517.3		1795.0	2024-03		102	0.63
193	Lanlana Tararudee	20.8	1576.8		182	1549.1	163	1543.8	163	1498.8		1605.4	2025-05		181	0.06
194	Emerson Jones	16.8	1575.3		180	1554.7	285	1402.7	198	1462.7		1618.0	2025-01		206	-0.06
195	Aleksandra Krunic	32.1	1574.1		197	1520.1	144	1569.3	132	1527.7		1838.0	2018-01		296	-0.42
196	Julieta Pareja	16.1	1572.7		231	1474.9	171	1535.8	201	1461.3		1619.7	2025-03		319	-0.49
197	Lucrezia Stefanini	26.9	1571.7		188	1540.4	210	1482.1	157	1504.2		1650.2	2024-12		153	0.25
198	Mariam Bolkvadze	27.2	1571.1		184	1545.8	348	1355.0	308	1385.2		1622.4	2021-09		189	0.05
199	Nuria Parrizas Diaz	33.8	1568.7		171	1563.1	177	1527.8	241	1427.5		1765.0	2022-02		114	0.56
200	Jodie Burrage	25.9	1566.5		174	1559.4	301	1390.9	118	1542.0		1712.3	2023-07		165	0.19
201	Jessika Ponchet	28.6	1566.3		200	1511.7	169	1537.4	177	1482.2		1622.0	2024-06		140	0.36
202	Guiomar Maristany Zuleta De Reales	26.2	1565.0		269	1428.3	141	1570.9	206	1457.5		1589.2	2025-05		184	0.09
203	Tamara Korpatsch	30.0	1563.8		208	1497.1	154	1554.0	247	1423.7		1717.5	2022-10		148	0.32
204	Nao Hibino	30.4	1562.3		183	1546.2	211	1480.3	199	1462.4		1751.2	2015-09		196	0.04
205	Astra Sharma	29.6	1562.2		192	1530.4	181	1523.9	185	1477.7		1708.0	2019-04		149	0.32
206	Mirjam Bjorklund	26.7	1561.6		193	1529.6	193	1509.8	119	1542.0		1740.8	2023-06		582	-1.04
207	Tyra Caterina Grant	17.1	1559.2		202	1505.9	225	1464.0	208	1454.6		1624.1	2025-01		326	-0.45
208	Tamara Zidansek	27.3	1557.9		203	1504.8	156	1552.1	209	1454.4		1857.1	2019-06		154	0.30
209	Veronika Erjavec	25.3	1557.9		251	1455.1	168	1539.3	230	1435.8		1626.4	2025-03		174	0.18
210	Mary Stoiana	21.9	1553.4		187	1542.7	313	1383.4	211	1451.7		1658.4	2024-10		280	-0.29
211	Daria Snigur	23.0	1551.5		199	1513.2	258	1430.5	125	1537.4		1708.0	2024-07		151	0.33
212	Tiantsoa Sarah Rakotomanga Rajaonah	19.4	1549.9		261	1443.4	201	1497.5	215	1449.9		1613.5	2025-04		244	-0.14
213	Kateryna Baindl	30.5	1549.7		195	1527.9	175	1530.0	277	1404.4		1825.4	2016-02		467	-0.79
214	Arina Rodionova	35.3	1546.7		189	1533.4	260	1429.4	170	1490.9		1643.7	2017-07		214	0
215	Sada Nahimana	24.0	1544.0		310	1389.5	174	1531.4	217	1447.0		1553.3	2025-05		233	-0.08
216	Alina Charaeva	22.9	1542.8		264	1439.9	172	1535.3	218	1446.4		1623.2	2024-10		207	0.04
217	Mona Barthel	34.7	1542.2		196	1526.0	205	1491.1	271	1410.1		2000.1	2012-05		211	0.03
218	Camilla Rosatello	29.9	1541.4		241	1463.8	204	1493.4	300	1387.9		1548.2	2025-05		271	-0.22
219	Ysaline Bonaventure	30.5	1540.2		194	1528.2	206	1486.8	191	1471.6		1772.2	2019-07		820	-1.32
220	Whitney Osuigwe	23.0	1535.3		215	1489.2	209	1483.4	341	1372.8		1799.0	2019-05		157	0.34
221	Marina Bassols Ribera	25.3	1534.2		206	1500.9	189	1512.6	203	1459.6		1675.3	2024-01		227	-0.03
222	Julia Riera	22.9	1533.8		235	1472.4	197	1506.4	258	1418.2		1731.2	2024-05		202	0.09
223	Louisa Chirico	28.9	1533.0		216	1488.9	198	1505.1	244	1426.5		1812.7	2016-10		170	0.27
224	Emina Bektas	32.0	1526.1		222	1482.5	376	1326.8	164	1497.3		1692.4	2023-10		265	-0.17
225	Mai Hontama	25.7	1525.6		227	1478.0	214	1475.4	253	1420.7		1687.6	2024-03		197	0.13
226	Eva Vedder	25.4	1525.5		228	1476.1	222	1466.0	216	1448.2		1572.9	2025-01		266	-0.16
227	Susan Bandecchi	26.8	1523.9		330	1373.6	217	1472.0	200	1461.8		1540.9	2024-06		198	0.14
228	Xinyu Gao	27.4	1523.0		209	1497.1	235	1449.7	273	1408.7		1609.8	2025-02		145	0.45
229	Aliona Bolsova	27.5	1521.7		252	1451.3	186	1518.3	264	1413.8		1726.6	2019-05		307	-0.29
230	Tessah Andrianjafitrimo	26.5	1521.6		218	1487.4	228	1460.9	257	1418.3		1550.6	2024-09		200	0.14
231	Petra Marcinko	19.4	1520.5		243	1462.8	183	1522.4	290	1392.8		1674.0	2022-11		209	0.10
232	Sara Saito	18.5	1518.1		207	1500.2	191	1511.2	231	1434.1		1664.6	2024-07		162	0.36
233	Tara Wurth	22.6	1518.1		333	1370.7	187	1514.7	232	1434.0		1681.6	2022-07		260	-0.11
234	Berfu Cengiz	25.1	1513.9		301	1401.5	185	1521.4	235	1431.9		1611.7	2024-06		273	-0.15
235	Valentina Ryser	24.1	1510.1		211	1493.1	385	1321.2	180	1481.4		1605.2	2025-03		229	0.03
236	Leyre Romero Gormaz	23.0	1509.8		258	1444.7	212	1480.3	339	1373.9		1656.1	2024-06		150	0.45
237	Emeline Dartron	25.0	1507.7		254	1448.3	233	1451.7	240	1428.8		1525.5	2025-04		322	-0.31
238	Viktoria Hruncakova	27.0	1507.0		221	1483.4	255	1436.3	251	1421.4		1890.8	2018-06		234	0.02
239	Sayaka Ishii	19.6	1504.3		229	1475.1	322	1372.7	243	1427.1		1577.3	2025-03		204	0.16
240	Lea Boskovic	25.5	1503.3		265	1434.3	208	1485.5	174	1486.1		1591.8	2024-08		193	0.22
241	En Shuo Liang	24.5	1502.9		223	1482.4	318	1379.2	192	1471.5		1621.7	2019-05		281	-0.15
242	Wushuang Zheng	26.4	1502.8		214	1491.8	383	1325.4	245	1426.4		1518.4	2025-04		241	0
243	Lola Radivojevic	20.3	1499.2		298	1402.4	184	1522.2	161	1499.6		1611.2	2024-09		182	0.29
244	Tereza Martincova	30.5	1498.4		204	1503.5	276	1411.8	175	1484.3		1811.8	2022-03		538	-0.79
245	Gabriela Andrea Knutson	28.0	1497.0		225	1480.6	373	1328.7	242	1427.5		1597.5	2024-07		194	0.23
246	Hanyu Guo	26.8	1493.8		233	1474.6	332	1364.6	249	1421.9		1516.9	2025-03		295	-0.18
247	Carole Monnet	23.4	1492.8		232	1474.6	250	1438.5	349	1367.7		1541.6	2023-08		231	0.07
248	Ana Konjuh	27.3	1492.0		219	1485.7	245	1442.1	148	1508.9		1911.8	2017-02		512	-0.72
249	Noma Noha Akugue	21.4	1491.0		306	1394.4	215	1473.5	350	1367.1		1668.1	2023-08		240	0.04
250	Amarni Banks	22.5	1489.2		242	1463.6	344	1359.6	227	1439.2		1555.1	2024-01		279	-0.11
251	Arianne Hartono	29.0	1489.0		238	1466.3	286	1402.7	375	1352.2		1610.6	2024-02		179	0.34
252	Renata Jamrichova	17.8	1487.4		260	1443.8	236	1448.5	330	1377.2		1570.0	2022-11		330	-0.27
253	Julie Belgraver	22.8	1487.3		295	1403.1	263	1422.2	256	1418.7		1499.6	2025-05		311	-0.21
254	Anastasiya Soboleva	21.0	1486.5		292	1405.0	218	1470.4	325	1379.4		1534.9	2024-08		256	-0.01
255	Su Jeong Jang	30.0	1486.1		266	1432.9	178	1525.6	311	1384.6		1643.8	2017-05		328	-0.25
256	Andrea Lazaro Garcia	30.5	1485.6		270	1427.1	221	1467.2	250	1421.8		1553.7	2022-05		221	0.15
257	Aliona Falei	21.1	1484.3		248	1456.7	272	1416.3	259	1417.9		1644.3	2024-04		301	-0.16
258	Nuria Brancaccio	24.8	1484.2		390	1323.9	226	1462.3	293	1391.8		1574.8	2024-11		192	0.30
259	Manon Leonard	24.2	1480.7		217	1488.8	435	1268.9	261	1415.4		1574.5	2024-03		178	0.38
260	Maria Timofeeva	21.5	1480.4		236	1471.6	271	1416.7	384	1346.5		1641.7	2024-03		250	0.04
261	Carson Branstine	24.6	1480.3		220	1483.7	298	1392.8	262	1415.1		1553.2	2025-04		190	0.32
262	Yuriko Miyazaki	29.5	1480.3		237	1468.4	398	1302.5	260	1416.6		1629.1	2023-01		249	0.05
263	Marie Benoit	30.0	1479.7		303	1398.1	223	1465.3	321	1381.7		1548.6	2024-07		261	0.01
264	Haruka Kaji	30.5	1477.9		246	1459.2	297	1392.8	212	1451.5		1517.5	2025-03		230	0.14
265	Laura Pigossi	30.7	1477.6		257	1444.9	219	1470.3	364	1357.7		1607.5	2024-06		168	0.46
266	Aurora Zantedeschi	24.5	1475.0		387	1325.1	238	1446.3	265	1412.5		1526.9	2025-03		332	-0.22
267	Patricia Maria Tig	30.7	1474.5		275	1423.4	213	1478.1	421	1326.7		1730.1	2020-09		216	0.21
268	Francesca Curmi	22.8	1473.7		244	1461.3	299	1392.6	266	1411.8		1502.4	2025-03		366	-0.31
269	Jazmin Ortenzi	23.4	1473.5		296	1402.9	234	1451.1	267	1411.8		1500.9	2025-05		228	0.17
270	Anouk Koevermans	21.2	1471.6		239	1465.3	270	1417.5	365	1357.6		1669.6	2024-08		203	0.29
271	Amarissa Kiara Toth	22.2	1470.4		287	1411.1	257	1432.9	270	1410.2		1504.3	2025-05		299	-0.10
272	Katarina Zavatska	25.2	1470.1		316	1386.7	230	1458.0	285	1396.8		1720.0	2019-11		267	0.02
273	Mariia Tkacheva	23.2	1469.0		224	1481.7	393	1312.1	272	1409.5		1595.2	2024-11		277	-0.01
274	Kathinka Von Deichmann	30.9	1467.3		259	1444.7	247	1441.4	336	1374.8		1625.3	2022-05		169	0.48
275	Harmony Tan	27.6	1466.5		240	1464.7	350	1352.9	169	1492.4		1709.7	2022-08		253	0.08
276	Raluka Serban	27.8	1466.0		284	1413.9	231	1458.0	348	1368.9		1648.9	2022-04		208	0.28
277	Kristina Mladenovic	31.7	1465.7		253	1449.8	279	1410.1	226	1439.6		1989.5	2017-05		284	-0.02
278	Ekaterine Gorgodze	33.4	1465.7		302	1398.9	254	1436.5	233	1432.5		1609.9	2021-08		257	0.08
279	Lizette Cabrera	27.3	1465.0		250	1456.1	343	1360.3	295	1391.1		1588.0	2017-11		205	0.31
280	Kayla Day	25.6	1464.9		272	1425.6	224	1465.2	281	1399.8		1756.9	2016-10		408	-0.38
281	Kristina Dmitruk	21.6	1464.6		234	1472.7	252	1436.7	297	1390.4		1588.2	2025-03		222	0.24
282	Hanna Chang	27.1	1464.6		279	1418.6	273	1415.9	292	1392.0		1505.5	2025-04		212	0.29
283	Martina Okalova	27.9	1464.6		339	1364.8	259	1430.2	274	1407.3		1504.3	2025-05		432	-0.42
284	Kajsa Rinaldo Persson	27.5	1464.5		280	1416.3	264	1421.7	275	1407.2		1485.0	2025-05		337	-0.17
285	Barbora Palicova	21.1	1464.4		278	1421.4	253	1436.6	254	1419.4		1672.5	2022-11		177	0.48
286	Beatrice Ricci	21.2	1463.4		365	1346.7	242	1445.1	289	1393.2		1490.6	2024-09		437	-0.42
287	Kaitlin Quevedo	19.2	1463.3		288	1410.9	274	1414.8	276	1406.6		1575.6	2025-04		248	0.15
288	Katherine Sebov	26.3	1460.9		247	1458.2	315	1382.1	263	1415.0		1701.7	2023-04		287	0
289	Sohyun Park	22.8	1459.4		263	1441.6	300	1391.5	184	1479.7		1536.6	2019-09		308	-0.06
290	Taylah Preston	19.5	1458.6		249	1456.3	323	1369.6	322	1380.4		1747.0	2024-03		219	0.28
291	Irina Bara	30.1	1458.0		335	1368.5	251	1437.7	402	1335.8		1670.0	2020-09		247	0.16
292	Matilde Paoletti	21.9	1454.5		326	1379.3	243	1445.1	355	1364.2		1601.6	2023-07		412	-0.34
293	Lia Karatancheva	21.6	1453.8		403	1302.1	256	1435.4	280	1401.9		1478.0	2025-05		270	0.08
294	Gabriela Lee	29.7	1452.5		383	1328.9	241	1445.5	407	1333.9		1608.8	2022-05		364	-0.21
295	Robin Anderson	32.1	1452.4		274	1424.0	280	1409.3	335	1375.9		1641.1	2019-10		336	-0.13
296	Himeno Sakatsume	23.7	1452.3		256	1446.4	345	1359.6	316	1383.6		1581.5	2023-09		242	0.20
297	Cristina Andreea Mitu	32.7	1452.1		360	1349.4	244	1443.2	359	1362.1		1690.1	2015-05		693	-0.85
298	Yuliya Hatouka	25.0	1451.9		294	1403.5	248	1440.2	358	1362.5		1597.0	2023-05		487	-0.49
299	Yaroslava Bartashevich	20.1	1449.1		354	1351.6	284	1403.4	282	1399.5		1499.9	2025-04		499	-0.51
300	Tamira Paszek	34.4	1448.4		273	1425.1	292	1396.1	124	1537.7		1976.3	2007-08		441	-0.39
301	Tina Nadine Smith	22.8	1447.7		281	1415.4	269	1418.5	283	1398.9		1532.3	2025-02		329	-0.09
302	Han Shi	19.9	1447.7		289	1407.8	227	1461.6	284	1398.9		1657.2	2024-08		232	0.26
303	Aneta Kladivova	24.9	1442.5		384	1327.0	229	1458.9	286	1396.2		1498.6	2024-08		325	-0.07
304	Elizabeth Mandlik	24.0	1440.8		262	1443.2	311	1384.5	237	1431.6		1697.6	2023-07		258	0.16
305	Caroline Uebelhoer	29.1	1438.1		379	1336.0	267	1419.8	288	1394.1		1519.2	2025-04		304	0
306	Hina Inoue	21.9	1434.9		283	1414.2	412	1289.0	291	1392.5		1550.8	2024-10		218	0.34
307	Kayla Cross	20.1	1432.6		267	1432.0	367	1334.9	294	1391.3		1493.7	2025-03		223	0.32
308	Usue Maitane Arconada	26.2	1431.7		277	1422.5	394	1310.3	333	1376.9		1669.8	2019-09		425	-0.32
309	Liv Hovde	19.0	1431.2		271	1426.4	370	1332.9	360	1360.1		1573.1	2024-06		479	-0.44
310	Valeria Savinykh	33.6	1429.6		297	1402.5	410	1290.2	366	1357.5		1713.2	2012-03		879	-1.04
311	Kateryna Bondarenko	38.2	1426.3		293	1404.7	310	1384.6	204	1459.0		1971.8	2009-10		602	-0.66
312	Julia Avdeeva	22.8	1426.3		300	1401.6	381	1325.5	352	1365.5		1654.7	2024-02		263	0.17
313	Meiling Wang	25.2	1426.3		307	1393.7	360	1340.5	299	1388.1		1501.5	2024-05		431	-0.32
314	Allie Kiick	29.3	1426.2		268	1430.4	306	1386.0	345	1371.2		1707.1	2013-04		535	-0.53
315	Lian Tran	22.8	1425.8		321	1385.1	339	1361.6	301	1387.9		1501.0	2025-02		344	-0.09
316	Makenna Jones	27.1	1425.0		255	1446.5	342	1360.8	302	1387.5		1540.5	2023-10		631	-0.69
317	Jaimee Fourlis	25.6	1424.8		329	1375.1	296	1392.9	207	1456.5		1591.9	2019-08		340	-0.07
318	Jesika Maleckova	30.6	1424.8		362	1348.6	275	1413.2	394	1341.7		1571.1	2016-06		539	-0.53
319	Fangran Tian	21.4	1423.4		286	1412.5	377	1326.7	303	1386.7		1505.4	2024-12		428	-0.29
320	Zongyu Li	21.8	1423.0		317	1386.4	277	1411.1	305	1386.5		1441.8	2025-03		349	-0.09
321	Margaux Rouvroy	24.1	1423.0		331	1370.9	295	1393.3	304	1386.5		1545.4	2023-05		252	0.24
322	Justina Mikulskyte	29.2	1422.8		290	1406.1	294	1394.2	368	1356.3		1527.5	2022-05		226	0.35
323	Diana Martynov	24.0	1422.6		324	1380.5	320	1376.4	306	1386.3		1521.5	2024-10		397	-0.21
324	Despina Papamichail	32.1	1422.3		315	1386.8	316	1381.3	268	1411.6		1551.5	2022-10		246	0.28
325	Tena Lukas	30.0	1422.2		378	1337.7	261	1423.7	354	1364.3		1543.0	2018-07		298	0.09
326	Daria Kudashova	21.9	1421.6		299	1402.4	366	1335.1	307	1385.8		1560.3	2024-11		415	-0.24
327	Mingge Xu	17.4	1421.2		291	1406.0	380	1325.6	470	1295.2		1475.7	2025-03		410	-0.23
328	Irene Burillo Escorihuela	27.8	1420.1		345	1361.5	282	1405.2	374	1352.6		1537.0	2024-06		237	0.32
329	Xinxin Yao	21.5	1419.4		285	1412.7	433	1270.7	309	1384.7		1539.4	2025-01		262	0.23
330	Laura Samson	17.0	1418.7		323	1381.0	293	1395.3	312	1384.4		1498.3	2025-01		347	-0.05
331	Cadence Brace	20.2	1418.5		276	1423.1	452	1250.5	314	1384.2		1469.7	2023-01		305	0.08
332	Martyna Kubka	23.9	1418.5		312	1388.2	364	1339.1	313	1384.3		1442.8	2025-03		368	-0.10
333	Mia Ristic	19.0	1418.3		364	1347.0	291	1396.7	315	1384.1		1662.1	2023-11		342	-0.03
334	Ylena In Albon	26.2	1416.8		366	1346.1	289	1398.9	338	1374.1		1591.7	2022-05		313	0.06
335	Zhibek Kulambayeva	25.1	1416.3		429	1273.8	281	1408.5	318	1383.1		1436.3	2025-05		309	0.08
336	Akasha Urhobo	18.2	1415.7		348	1359.0	304	1387.4	319	1382.8		1525.6	2024-06		411	-0.20
337	Hannah Klugman	16.2	1415.0		309	1392.5	353	1345.3	342	1371.4		1479.3	2024-12		572	-0.53
338	Amandine Monnot	23.1	1415.0		341	1363.3	324	1369.4	320	1382.5		1442.7	2025-04		435	-0.25
339	Francisca Jorge	25.0	1411.4		349	1358.3	290	1398.1	269	1410.8		1566.3	2023-12		259	0.27
340	Sara Cakarevic	28.1	1410.8		361	1348.9	328	1368.4	323	1380.4		1459.6	2024-10		389	-0.13
341	Alevtina Ibragimova	20.3	1409.7		381	1330.3	265	1421.1	324	1379.8		1549.1	2024-09		321	0.06
342	Lina Gjorcheska	30.7	1409.5		353	1352.6	268	1419.7	296	1390.6		1636.7	2017-04		310	0.10
343	Ana Sofia Sanchez	31.0	1408.5		304	1397.8	368	1334.4	326	1379.2		1446.1	2025-04		264	0.26
344	Seone Mendez	25.2	1407.3		368	1344.8	309	1384.7	386	1345.8		1514.5	2021-09		622	-0.59
345	Darja Vidmanova	22.0	1406.8		311	1389.5	346	1359.3	328	1378.4		1509.3	2024-10		333	0.04
346	Ipek Oz	25.8	1406.8		319	1385.6	314	1383.3	380	1347.4		1563.9	2022-05		297	0.15
347	Fanny Stollar	25.8	1405.5		327	1379.0	317	1379.9	420	1326.8		1643.6	2018-10		702	-0.70
348	Mei Yamaguchi	25.9	1405.2		282	1415.2	422	1282.3	371	1354.9		1544.4	2025-02		269	0.26
349	Xiaodi You	28.8	1404.5		314	1387.6	354	1344.4	432	1320.9		1517.7	2017-11		350	0
350	Tatiana Pieri	26.1	1404.2		388	1324.8	330	1366.7	332	1377.1		1411.7	2025-05		354	-0.01
351	Angela Fita Boluda	25.8	1404.2		396	1315.8	312	1384.5	331	1377.1		1561.8	2024-09		236	0.40
352	Amandine Hesse	32.3	1400.4		322	1382.8	357	1343.1	439	1316.7		1573.3	2015-09		289	0.20
353	Vivian Wolff	26.3	1399.2		325	1379.8	371	1331.1	337	1374.6		1454.9	2024-05		391	-0.10
354	Elvina Kalieva	21.8	1397.9		397	1314.5	288	1400.2	456	1306.7		1596.2	2022-01		254	0.33
355	Stacey Fung	28.1	1397.7		320	1385.6	400	1301.7	340	1373.9		1474.2	2024-11		291	0.20
356	Kamilla Bartone	22.8	1392.6		367	1345.4	326	1369.2	343	1371.3		1452.4	2021-07		462	-0.26
357	Silvia Ambrosio	28.3	1392.6		444	1260.0	302	1389.6	344	1371.3		1533.3	2023-06		316	0.12
358	Carolina Alves	29.0	1391.2		357	1351.0	321	1373.1	427	1322.1		1582.2	2022-05		283	0.24
359	Ayana Akli	23.7	1389.9		328	1375.3	379	1326.1	346	1369.9		1506.8	2024-07		324	0.10
360	Ekaterina Maklakova	21.0	1389.6		338	1365.3	369	1333.1	347	1369.8		1496.6	2024-03		533	-0.39
361	Miriam Bianca Bulgaru	26.5	1389.5		410	1294.4	319	1377.7	372	1353.1		1590.4	2024-09		199	0.60
362	Eva Guerrero Alvarez	25.6	1388.2		355	1351.5	334	1363.8	381	1347.1		1514.7	2021-04		386	-0.06
363	Selena Janicijevic	22.8	1387.3		318	1386.3	349	1354.2	327	1378.6		1576.3	2024-07		220	0.50
364	Fangzhou Liu	29.2	1387.1		334	1369.2	460	1242.5	418	1328.4		1650.7	2015-03		422	-0.15
365	Ziva Falkner	22.8	1384.4		305	1396.7	325	1369.2	221	1442.2		1608.2	2023-07		470	-0.25
366	Katrina Scott	20.3	1384.1		343	1361.8	378	1326.4	444	1314.3		1696.9	2022-08		405	-0.10
367	Priska Madelyn Nugroho	21.8	1383.8		359	1350.3	246	1441.9	223	1441.9		1559.9	2020-03		303	0.19
368	Ayano Shimizu	27.0	1383.8		395	1318.0	407	1291.9	334	1376.9		1527.1	2018-07		286	0.25
369	Lina Glushko	25.3	1383.1		332	1370.9	363	1339.1	252	1421.1		1581.4	2019-02		275	0.29
370	Valeriya Strakhova	29.9	1383.1		437	1266.7	338	1362.5	351	1366.5		1455.2	2025-03		255	0.37
371	Isabella Shinikova	33.0	1382.9		308	1393.1	411	1289.2	480	1289.3		1640.8	2019-10		348	0.06
372	Jia Jing Lu	35.3	1382.1		351	1354.1	355	1344.4	485	1281.6		1530.1	2021-01		320	0.15
373	Nastasja Schunk	21.7	1380.2		352	1353.7	356	1344.3	210	1454.0		1675.1	2022-05		302	0.21
374	Vaidehi Chaudhari	25.0	1380.0		340	1363.5	249	1440.0	225	1440.0		1459.1	2024-01		374	0
375	Shrivalli Rashmikaa Bhamidipaty	23.3	1378.9		350	1354.2	397	1304.5	353	1364.5		1490.2	2024-02		335	0.11
376	Anna Siskova	23.8	1378.6		412	1292.8	335	1363.2	478	1291.5		1425.5	2023-08		407	-0.08
377	Alice Rame	27.5	1378.4		457	1246.6	362	1339.9	356	1364.2		1401.3	2025-05		338	0.11
378	Carol Zhao	29.9	1377.7		313	1387.8	390	1313.9	378	1348.3		1576.7	2017-11		272	0.33
379	Georgia Pedone	20.6	1377.1		492	1203.6	283	1404.1	370	1355.9		1563.8	2024-09		245	0.44
380	Ayla Aksu	28.8	1375.6		356	1351.5	365	1338.4	357	1362.8		1516.1	2017-08		327	0.15
381	Kyoka Okamura	29.5	1375.3		336	1368.0	484	1202.7	162	1499.1		1522.9	2016-09		180	0.75
382	Maria Mateas	25.8	1373.7		369	1344.8	375	1327.5	229	1436.9		1528.7	2017-09		213	0.58
383	Anastasia Tikhonova	24.3	1373.4		372	1341.6	327	1368.7	279	1402.0		1592.0	2022-03		331	0.15
384	Alicia Herrero Linana	26.3	1368.1		434	1267.7	347	1356.8	361	1359.0		1411.6	2024-11		380	0.01
385	Iva Primorac	29.0	1367.3		448	1256.2	308	1385.9	362	1358.7		1436.2	2024-09		379	0.02
386	Sahaja Yamalapalli	24.3	1366.3		371	1343.4	439	1264.0	363	1358.2		1431.2	2024-12		318	0.19
387	Cagla Buyukakcay	35.6	1366.1		337	1367.2	359	1341.4	505	1247.4		1727.7	2016-05		339	0.13
388	Dejana Radanovic	28.3	1365.6		428	1276.4	331	1366.1	405	1334.6		1488.5	2019-05		516	-0.29
389	Elena Malygina	24.9	1364.9		370	1344.7	386	1317.9	234	1432.4		1470.1	2019-02		461	-0.17
390	Petra Hule	26.2	1362.8		363	1348.6	382	1325.5	367	1356.4		1511.9	2024-02		341	0.13
391	Karina Miller	23.0	1362.4		342	1363.3	436	1267.5	369	1356.2		1486.9	2024-11		312	0.23
392	Astrid Lew Yan Foon	19.6	1355.8		432	1268.4	358	1342.2	373	1352.9		1438.9	2024-04		517	-0.28
393	Sophie Chang	27.8	1354.4		375	1339.8	389	1315.7	395	1341.6		1505.5	2021-09		288	0.31
394	Conny Perrin	34.2	1353.2		453	1248.8	340	1361.4	317	1383.5		1586.9	2018-07		782	-0.69
395	Anna Sinclair Rogers	27.1	1353.0		385	1326.3	403	1299.3	376	1351.5		1432.3	2024-11		251	0.45
396	Urszula Radwanska	34.4	1352.9		386	1325.4	333	1364.2	377	1348.8		1885.0	2012-09		458	-0.15
397	Ankita Raina	32.3	1352.6		392	1320.0	336	1362.7	446	1313.0		1517.7	2018-04		314	0.23
398	Stephanie Wagner	30.6	1348.3		401	1306.8	351	1352.9	430	1321.5		1420.7	2019-07		486	-0.20
399	Evialina Laskevich	20.2	1345.1		373	1340.7	451	1250.9	379	1347.6		1581.0	2024-07		473	-0.17
400	Malene Helgo	25.7	1345.0		344	1361.8	419	1285.7	248	1422.5		1538.2	2017-04		457	-0.13
401	Dalila Jakupovic	34.1	1344.6		358	1350.4	395	1309.8	453	1308.8		1762.6	2018-07		306	0.27
402	Audrey Albie	30.4	1343.1		346	1361.4	443	1260.5	382	1346.6		1604.5	2019-01		608	-0.41
403	Gina Feistel	21.8	1343.1		435	1267.5	341	1361.4	383	1346.6		1557.9	2024-07		365	0.10
404	Thaisa Grana Pedretti	25.8	1342.9		389	1324.3	391	1313.3	385	1346.5		1438.3	2024-02		560	-0.33
405	Alice Tubello	23.9	1340.5		391	1321.5	388	1316.2	387	1345.2		1421.6	2022-10		360	0.12
406	Matilde Jorge	21.1	1339.5		394	1319.2	396	1306.7	388	1344.8		1434.9	2025-01		292	0.33
407	Alexandra Shubladze	19.6	1337.1		382	1329.2	418	1286.0	389	1343.5		1452.4	2024-09		500	-0.21
408	Mina Hodzic	22.3	1336.5		404	1301.9	408	1291.2	390	1343.3		1534.3	2024-04		448	-0.09
409	Emily Appleton	25.7	1336.1		380	1331.4	457	1248.6	425	1322.4		1437.9	2024-06		370	0.10
410	Ekaterina Reyngold	23.9	1335.6		374	1340.2	464	1234.8	391	1342.8		1399.7	2025-02		476	-0.15
411	Gergana Topalova	25.1	1334.7		501	1178.9	384	1325.4	410	1332.2		1455.2	2024-07		378	0.08
412	Carolina Kuhl	19.8	1334.5		449	1255.6	372	1329.3	392	1342.3		1349.0	2024-11		464	-0.12
413	Carlota Martinez Cirez	24.2	1333.8		472	1229.4	387	1317.0	393	1341.9		1420.1	2024-05		224	0.61
414	Luca Udvardy	19.5	1333.0		425	1281.5	402	1300.2	396	1341.5		1452.5	2025-04		537	-0.26
415	Polina Iatcenko	21.4	1332.5		398	1312.6	424	1281.2	398	1341.2		1401.6	2025-02		371	0.11
416	Anastasia Kulikova	24.9	1331.3		393	1319.9	374	1328.6	424	1323.7		1667.1	2021-07		383	0.08
417	Lea Ma	24.2	1330.4		406	1297.9	406	1293.6	399	1340.2		1364.9	2024-10		345	0.19
418	Julie Struplova	20.4	1330.4		414	1290.6	392	1312.9	400	1340.2		1370.6	2024-05		382	0.09
419	Natalija Stevanovic	30.5	1328.0		424	1281.5	329	1366.7	298	1389.4		1598.5	2023-07		471	-0.12
420	Leonie Kung	24.4	1324.4		376	1339.0	454	1249.3	457	1306.2		1632.1	2021-03		225	0.62
421	Ruien Zhang	17.0	1321.1		402	1305.7	426	1275.5	404	1335.5		1349.0	2025-04		663	-0.45
422	Lucia Cortez Llorca	24.8	1319.1		471	1230.3	352	1348.2	406	1334.5		1483.2	2024-08		375	0.12
423	Jamie Loeb	30.1	1317.7		407	1296.1	427	1274.9	471	1294.9		1668.4	2017-04		505	-0.18
424	Anastasiia Gureva	20.0	1317.6		377	1338.0	477	1211.1	408	1333.8		1549.7	2024-02		576	-0.31
425	Lucija Ciric Bagaric	21.3	1317.6		420	1286.5	401	1301.4	449	1309.5		1540.7	2024-07		334	0.24
426	Miho Kuramochi	26.9	1317.3		439	1265.5	428	1273.6	414	1331.5		1434.2	2024-01		401	0.06
427	Madison Sieg	21.8	1315.8		409	1294.5	450	1251.4	409	1332.9		1329.0	2025-04		357	0.18
428	Elena Micic	20.8	1314.3		408	1295.1	461	1242.0	411	1332.2		1406.5	2025-01		373	0.14
429	Ikumi Yamazaki	23.5	1314.1		399	1308.2	431	1272.0	412	1332.0		1338.0	2025-03		426	0.01
430	Hong Yi Cody Wong	23.0	1313.5		426	1279.6	413	1287.7	413	1331.8		1398.7	2025-01		359	0.18
431	Cristina Dinu	31.9	1313.0		442	1260.7	420	1285.3	484	1282.8		1498.3	2016-09		409	0.05
432	Ye Xin Ma	25.9	1311.2		415	1289.9	496	1176.7	401	1336.3		1461.7	2023-09		274	0.46
433	Tiphanie Fiquet	24.9	1310.0		422	1285.7	440	1262.9	415	1330.0		1338.2	2025-05		456	-0.05
434	Georgia Andreea Craciun	25.5	1309.8		493	1202.9	361	1340.4	416	1329.9		1414.9	2024-11		363	0.18
435	Olga Helmi	24.6	1308.8		419	1286.7	434	1269.4	417	1329.4		1412.9	2022-09		567	-0.27
436	Sarah Beth Grey	29.2	1306.2		400	1307.6	453	1250.0	513	1215.5		1412.6	2022-06		583	-0.29
437	Maria Kozyreva	25.9	1305.9		405	1299.4	417	1286.4	419	1327.9		1586.1	2024-03		518	-0.17
438	Momoko Kobori	26.7	1302.0		445	1259.7	459	1247.8	468	1295.5		1439.9	2018-05		475	-0.08
439	Jada Robinson	26.2	1299.5		440	1265.4	415	1287.4	422	1324.8		1362.1	2024-07		453	-0.03
440	Miriana Tona	30.2	1298.7		455	1247.8	414	1287.5	423	1324.4		1429.3	2024-04		468	-0.06
441	Akiko Omae	32.2	1298.4		411	1293.9	498	1170.7	500	1257.1		1368.4	2011-10		564	-0.25
442	Jasmijn Gimbrere	24.0	1297.3		427	1276.6	423	1282.3	489	1280.2		1337.2	2023-01		498	-0.12
443	Ekaterina Kazionova	26.2	1296.0		459	1244.7	409	1291.2	463	1302.1		1407.2	2022-02		450	-0.02
444	Nicole Fossa Huergo	29.9	1294.5		469	1232.9	425	1278.4	426	1322.2		1453.7	2024-12		268	0.50
445	Gabriela Ce	32.2	1294.4		454	1248.2	429	1273.5	469	1295.3		1517.0	2022-05		442	0.01
446	Jiaqi Wang	22.5	1294.0		431	1268.9	405	1293.9	428	1322.0		1354.1	2024-09		640	-0.36
447	Rinon Okuwaki	20.1	1293.6		421	1286.5	480	1206.5	429	1321.8		1359.6	2024-09		593	-0.28
448	Sapfo Sakellaridi	22.1	1292.6		507	1156.6	404	1295.0	431	1321.3		1437.6	2023-07		376	0.18
449	Eudice Wong Chong	28.8	1292.0		430	1271.3	399	1301.7	287	1396.0		1640.2	2014-02		399	0.12
450	Ella Mcdonald	19.6	1291.6		452	1252.2	442	1260.8	397	1341.4		1358.0	2024-10		352	0.25
451	Maria Sara Popa	19.5	1291.5		486	1213.3	416	1287.3	433	1320.8		1461.0	2023-09		664	-0.39
452	Saki Imamura	23.0	1289.9		433	1268.0	444	1260.0	448	1311.9		1309.4	2025-05		418	0.08
453	Jacqueline Cabaj Awad	29.2	1288.2		417	1287.9	495	1179.1	434	1319.1		1330.1	2025-03		447	0.01
454	Rasheeda Mcadoo	29.7	1287.8		441	1264.9	478	1209.7	435	1318.9		1294.9	2025-03		510	-0.12
455	Thasaporn Naklo	23.5	1286.5		436	1266.8	445	1258.3	436	1318.3		1369.7	2024-12		446	0.02
456	Andreea Prisacariu	25.2	1286.4		458	1246.3	441	1261.2	437	1318.2		1380.7	2022-05		451	0.01
457	Amina Anshba	25.6	1285.4		475	1224.1	458	1248.0	438	1317.7		1385.6	2024-09		530	-0.15
458	Naiktha Bains	26.9	1283.6		468	1233.0	430	1272.2	475	1292.3		1427.3	2019-05		449	0.02
459	Diletta Cherubini	22.9	1283.4		447	1256.7	446	1255.0	440	1316.7		1375.6	2022-08		454	0.01
460	Melisa Ercan	19.7	1282.5		438	1265.9	469	1228.4	441	1316.2		1454.3	2024-07		388	0.17
461	Alice Robbe	24.9	1282.1		483	1219.6	337	1362.7	460	1305.3		1499.5	2023-10		546	-0.17
462	Alexandra Bozovic	25.8	1281.8		446	1259.0	479	1207.4	442	1315.9		1331.8	2024-11		490	-0.06
463	Amelia Rajecki	22.8	1279.9		474	1224.3	447	1255.0	479	1291.2		1468.1	2024-06		402	0.14
464	Ekaterina Makarova	29.2	1277.2		466	1234.6	432	1271.9	512	1223.6		1452.8	2024-07		215	0.77
465	Sofya Lansere	23.9	1277.1		413	1291.9	474	1219.2	445	1313.5		1503.5	2024-01		688	-0.39
466	Yufei Ren	19.0	1275.7		423	1285.0	470	1226.5	447	1312.8		1428.5	2024-05		534	-0.14
467	Julia Middendorf	22.2	1275.1		418	1286.7	421	1283.9	403	1335.8		1610.9	2021-04		626	-0.29
468	Victoria Rodriguez	29.9	1268.0		443	1260.7	465	1234.7	451	1309.0		1470.7	2015-10		420	0.11
469	Hikaru Sato	25.8	1268.0		450	1255.4	455	1249.0	450	1309.0		1373.2	2023-10		372	0.23
470	Radka Zelnickova	21.9	1267.7		470	1230.5	488	1197.8	452	1308.9		1326.5	2023-03		463	0.02
471	Sofia Rocchetti	22.2	1267.6		467	1234.3	438	1265.0	454	1308.8		1334.8	2024-09		541	-0.14
472	Gabriella Da Silva Fick	24.7	1267.4		478	1223.7	456	1248.7	455	1308.7		1289.3	2025-05		403	0.16
473	Jessica Pieri	28.0	1262.6		476	1223.9	463	1238.7	467	1295.8		1610.2	2021-05		421	0.12
474	Daria Lodikova	28.8	1262.0		488	1211.2	449	1254.6	458	1306.0		1453.4	2024-10		424	0.11
475	Yasmine Mansouri	23.9	1261.5		451	1253.2	499	1169.0	459	1305.8		1399.3	2024-11		323	0.39
476	Riya Bhatia	27.6	1259.3		499	1181.9	437	1266.8	493	1275.5		1279.5	2025-05		545	-0.14
477	Dalayna Hewitt	24.4	1257.0		461	1244.6	492	1181.6	461	1303.5		1492.7	2022-03		704	-0.39
478	Martha Matoula	28.0	1255.7		416	1289.5	467	1230.5	329	1377.9		1571.3	2022-08		414	0.14
479	Sakura Hosogi	25.0	1254.3		465	1235.2	472	1222.3	462	1302.2		1368.2	2022-12		343	0.33
480	Jenny Lim	20.3	1251.4		473	1224.4	468	1230.0	464	1300.7		1477.7	2024-05		527	-0.09
481	Jessica Failla	27.7	1249.6		462	1242.1	489	1191.6	465	1299.8		1414.0	2024-06		502	-0.04
482	Nahia Berecoechea	21.0	1242.8		477	1223.9	487	1199.9	466	1296.4		1344.8	2024-06		522	-0.08
483	Nina Vargova	19.4	1238.7		480	1221.3	486	1200.1	472	1294.3		1333.2	2022-11		385	0.23
484	Maria Jose Portillo Ramirez	26.0	1238.3		479	1221.4	483	1202.9	473	1294.2		1291.7	2024-11		398	0.20
485	Victoria Hu	23.0	1235.0		484	1218.7	485	1202.7	474	1292.5		1478.5	2024-02		356	0.31
486	Ariana Geerlings	19.6	1234.1		481	1220.1	490	1188.8	476	1292.1		1285.6	2023-11		404	0.18
487	Kaylah Mcphee	26.9	1234.0		485	1215.6	462	1239.7	507	1245.0		1550.1	2019-08		573	-0.16
488	Ayumi Koshiishi	24.7	1233.7		487	1211.8	466	1231.9	477	1291.9		1375.8	2024-10		390	0.22
489	Yidi Yang	25.2	1224.7		495	1197.9	448	1255.0	481	1287.3		1295.9	2024-09		433	0.12
490	Alana Smith	25.4	1224.0		456	1247.1	510	1123.7	492	1277.6		1489.9	2024-11		384	0.24
491	Erika Sema	36.3	1221.4		490	1210.3	507	1147.0	495	1270.7		1570.8	2011-10		506	-0.03
492	Weronika Falkowska	24.7	1220.8		463	1242.1	497	1172.7	482	1285.4		1411.9	2022-11		434	0.13
493	Naho Sato	24.1	1217.8		494	1198.0	471	1223.9	483	1283.9		1430.8	2024-05		554	-0.12
494	Martina Capurro Taborda	26.9	1216.0		491	1207.0	481	1205.7	443	1315.0		1523.2	2023-11		617	-0.22
495	Funa Kozaki	23.7	1211.9		489	1211.1	491	1185.7	487	1280.9		1296.7	2024-11		615	-0.22
496	Kira Pavlova	21.0	1210.5		496	1195.4	473	1220.3	488	1280.3		1394.5	2024-04		559	-0.12
497	Julieta Lara Estable	27.6	1209.8		482	1219.9	494	1180.3	490	1279.9		1428.4	2024-08		531	-0.07
498	Yuki Naito	24.1	1206.5		500	1180.3	476	1212.0	504	1247.7		1525.0	2022-06		489	0.02
499	Anastasia Abbagnato	21.4	1205.6		464	1238.7	493	1180.8	491	1277.8		1416.1	2024-06		445	0.11
500	Eri Shimizu	26.9	1199.8		498	1182.6	475	1214.9	486	1281.1		1466.2	2024-09		381	0.27
501	Fernanda Labrana	26.0	1197.3		460	1244.7	500	1168.6	494	1273.6		1342.9	2022-04		548	-0.09
502	Angelina Voloshchuk	17.9	1184.3		497	1190.8	501	1166.2	496	1267.2		1337.9	2024-06		719	-0.36
503	Ekaterina Yashina	31.7	1183.6		504	1167.1	506	1151.7	499	1262.0		1263.8	2011-07		459	0.09
504	Ekaterina Ovcharenko	24.3	1182.2		508	1155.3	482	1204.2	497	1266.1		1308.8	2024-10		495	0.02
505	Tara Moore	32.7	1177.3		502	1172.7	515	1081.8	502	1251.0		1600.5	2016-11		897	-0.57
506	Ana Candiotto	20.9	1174.4		503	1169.1	504	1161.4	498	1262.2		1196.8	2024-09		563	-0.11
507	Ya Yi Yang	20.4	1155.3		509	1149.5	505	1159.4	510	1226.2		1374.1	2023-10		752	-0.39
508	Michaela Bayerlova	26.2	1154.1		512	1106.8	503	1161.5	501	1252.0		1449.0	2022-08		594	-0.16
509	Haley Giavara	24.5	1149.6		506	1164.2	512	1119.5	503	1249.8		1423.4	2023-07		472	0.08
510	Haruna Arakawa	25.3	1143.1		513	1100.2	502	1165.7	506	1246.5		1207.1	2017-05		511	0
511	Ksenia Laskutova	28.0	1138.4		505	1166.8	511	1120.0	508	1244.2		1206.6	2022-10		483	0.06
512	Aneta Laboutkova	24.8	1127.8		515	1096.0	508	1128.9	509	1238.9		1326.4	2022-08		661	-0.26
513	Hiroko Kuwata	34.3	1120.3		511	1107.0	514	1096.5	515	1120.6		1574.6	2015-03		553	-0.08
514	Freya Christie	27.5	1116.7		510	1128.6	516	1081.7	516	1063.5		1281.6	2016-10		682	-0.28
515	Celia Cervino Ruiz	27.3	1100.5		514	1097.9	509	1125.1	511	1225.2		1200.0	2022-06		540	-0.05
516	Nagi Hanatani	30.1	1078.8		516	1046.3	513	1105.5	514	1183.9		1372.5	2021-08		681	-0.28